守卫编号,守卫名字,BUFF编号,守卫等级,虚无状态,能否受伤,尸体保留,复活间隔,主动攻击,仇恨范围,普攻技能,商店编号,界面代码,说明
3119,尸王殿,0,99,FALSE,FALSE,0,0,FALSE,8,0,0,0,尸王殿
4746,手镯店老板01,0,99,FALSE,FALSE,0,0,FALSE,8,0,1201,Shop,边界村手镯店老板
4747,项链店老板01,0,99,FALSE,FALSE,0,0,FALSE,8,0,1201,Shop,边界村项链店老板
4748,新手引导员,0,99,FALSE,FALSE,0,0,FALSE,8,0,0,0,边界村新手引导员
4749,朴有界,0,99,FALSE,FALSE,0,0,FALSE,8,0,5000,Shop,边界村书店老板01
4750,小潘01,0,99,FALSE,FALSE,0,0,FALSE,8,0,0,0,边界村男青年01
4751,铁大娘01,0,99,FALSE,FALSE,0,0,FALSE,8,0,0,0,边界村女妇人01
4752,张屠夫01,0,99,FALSE,FALSE,0,0,FALSE,8,0,0,0,边界村屠夫01
4753,张氏01,0,99,FALSE,FALSE,0,0,FALSE,8,0,0,0,边界村屠夫之妻01
4754,吉大爷01,0,99,FALSE,FALSE,0,0,FALSE,8,0,0,0,边界村渔夫01
4755,小涛01,0,99,FALSE,FALSE,0,0,FALSE,8,0,0,0,边界村小孩01
4756,小毅01,0,99,FALSE,FALSE,0,0,FALSE,8,0,0,0,边界村小孩02
4757,武大娘01,0,99,FALSE,FALSE,0,0,FALSE,8,0,0,0,边界村女妇人02
4758,王屠夫01,0,99,FALSE,FALSE,0,0,FALSE,8,0,0,0,边界村屠夫02
4759,扫地劳工01,0,99,FALSE,FALSE,0,0,FALSE,8,0,0,0,边界村劳工01
4760,赵婶01,0,99,FALSE,FALSE,0,0,FALSE,8,0,0,0,边界村休业的店主
4761,神算子,0,99,FALSE,FALSE,0,0,FALSE,8,0,0,0,驱鬼巫婆
4762,平民04,0,99,FALSE,FALSE,0,0,FALSE,8,0,0,0,比奇围观女城民01
4763,平民09,0,99,FALSE,FALSE,0,0,FALSE,8,0,0,0,比奇围观男城民02
4764,垂钓老者,0,99,FALSE,FALSE,0,0,FALSE,8,0,0,0,垂钓老者
4765,皇宫入口,0,99,FALSE,FALSE,0,0,FALSE,8,0,0,0,皇宫入口
4766,皇宫出口,0,99,FALSE,FALSE,0,0,FALSE,8,0,0,0,皇宫出口
4767,劳工1,0,99,FALSE,FALSE,0,0,FALSE,8,0,0,0,比奇劳工1
4768,劳工2,0,99,FALSE,FALSE,0,0,FALSE,8,0,0,0,比奇劳工2
4769,平民10,0,99,FALSE,FALSE,0,0,FALSE,8,0,0,0,老头
4770,平民2,0,99,FALSE,FALSE,0,0,FALSE,8,0,0,0,男青年
4771,劳工3,0,99,FALSE,FALSE,0,0,FALSE,8,0,0,0,劳工3
4772,阿九09,0,99,FALSE,FALSE,0,0,FALSE,8,0,0,0,阿九09
4773,网络文明宣传员,0,99,FALSE,FALSE,0,0,FALSE,8,0,14,Shop,网络文明宣传员
4774,屠夫,0,99,FALSE,FALSE,0,0,FALSE,8,0,0,0,卖肉屠夫
4775,练功师123,0,99,FALSE,FALSE,0,0,FALSE,8,0,0,0,测试DPS练功师
4791,彩蝶,0,99,FALSE,FALSE,0,0,FALSE,8,0,0,0,活动大使
4792,神秘老人,0,99,FALSE,FALSE,0,0,FALSE,8,0,0,0,神秘老人
4793,招财童子,0,99,FALSE,FALSE,0,0,FALSE,8,0,0,0,招财童子
4794,典狱官,0,99,FALSE,FALSE,0,0,FALSE,8,0,0,0,典狱官
4795,神秘剑客01,0,99,FALSE,FALSE,0,0,FALSE,8,0,0,0,武斗场女教头01
4796,神秘剑客02,0,99,FALSE,FALSE,0,0,FALSE,8,0,0,0,武斗场女教头02
4797,经验分配,0,99,FALSE,FALSE,0,0,FALSE,8,0,0,0,经验分配
4798,救伤劳工,0,99,FALSE,FALSE,0,0,FALSE,8,0,0,0,救伤劳工
4799,工人01,0,99,FALSE,FALSE,0,0,FALSE,8,0,0,0,工人01
4800,浣纱娘01,0,99,FALSE,FALSE,0,0,FALSE,8,0,0,0,浣纱娘01
4801,马夫01,0,99,FALSE,FALSE,0,0,FALSE,8,0,0,0,马夫01
4802,农户01,0,99,FALSE,FALSE,0,0,FALSE,8,0,0,0,农户01
4803,摊位,0,99,FALSE,FALSE,0,0,FALSE,8,0,0,0,摊位
4856,矿场07,0,99,FALSE,FALSE,0,0,FALSE,8,0,0,0,矿场07
4857,石仓07,0,99,FALSE,FALSE,0,0,FALSE,8,0,0,0,石仓07
4858,石场07,0,99,FALSE,FALSE,0,0,FALSE,8,0,0,0,石场07
4859,主殿07,0,99,FALSE,FALSE,0,0,FALSE,8,0,0,0,主殿07
4860,公会神鼎07,0,99,FALSE,FALSE,0,0,FALSE,8,0,0,0,公会神鼎07
6050,秘宝小镇传送,0,99,FALSE,FALSE,0,0,FALSE,8,0,0,0,秘宝小镇传送
6051,神圣之力02,0,99,FALSE,FALSE,0,0,FALSE,8,0,0,0,神圣之力02
6052,强攻之力,0,99,FALSE,FALSE,0,0,FALSE,8,0,0,0,强攻之力
6053,防护之力,0,99,FALSE,FALSE,0,0,FALSE,8,0,0,0,防护之力
6054,生命之力,0,99,FALSE,FALSE,0,0,FALSE,8,0,0,0,生命之力
6055,恢复之力,0,99,FALSE,FALSE,0,0,FALSE,8,0,0,0,恢复之力
6101,讲古老人,0,99,FALSE,FALSE,0,0,FALSE,8,0,0,0,皇室宝库传送员
6102,宝库守卫,0,99,FALSE,FALSE,0,0,FALSE,8,0,0,0,土城传送员
6103,阿富01,0,99,FALSE,FALSE,0,0,FALSE,8,0,0,0,困兽林传送员01
6104,阿富02,0,99,FALSE,FALSE,0,0,FALSE,8,0,0,0,盟重传送员01
6105,富贵兽01,0,99,FALSE,FALSE,0,0,FALSE,8,0,0,0,富贵兽01
6106,阿贵01,0,99,FALSE,FALSE,0,0,FALSE,8,0,0,0,随机长廊传送员01
6107,阿贵02,0,99,FALSE,FALSE,0,0,FALSE,8,0,0,0,随机长廊传送员02
6108,黑市盐商,0,99,FALSE,FALSE,0,0,FALSE,8,0,0,0,黑市盐商
6109,货栈总管,0,99,FALSE,FALSE,0,0,FALSE,8,0,0,0,货栈总管
6110,货箱,0,99,FALSE,FALSE,0,0,FALSE,8,0,0,0,镖车
6111,明河,0,99,FALSE,FALSE,0,0,FALSE,8,0,0,0,塔内管理员
6112,雷七道01,0,99,FALSE,FALSE,0,0,FALSE,8,0,0,0,塔外管理员
6113,晓虹,0,99,FALSE,FALSE,0,0,FALSE,8,0,0,0,幽灵船管理员内
6114,神秘法师,0,99,FALSE,FALSE,0,0,FALSE,8,0,0,0,幽灵船管理员外
6115,烈火祭坛,58002,99,FALSE,FALSE,0,0,FALSE,8,0,0,0,烈火祭坛
6116,寒冰祭坛,58012,99,FALSE,FALSE,0,0,FALSE,8,0,0,0,寒冰祭坛
6117,秀姑,0,99,FALSE,FALSE,0,0,FALSE,8,0,0,0,幽灵船每日杀怪
6118,渔翁,0,99,FALSE,FALSE,0,0,FALSE,8,0,0,0,幽灵船每日采集
6119,霓霜,0,99,FALSE,FALSE,0,0,FALSE,8,0,0,0,幽灵船任务
6120,啸浪,0,99,FALSE,FALSE,0,0,FALSE,8,0,0,0,虎卫侍从
6121,高经验点,0,99,TRUE,FALSE,0,0,FALSE,8,0,0,0,经验武斗场高经验区
6122,内殿宝物01,0,99,FALSE,FALSE,0,0,FALSE,8,0,0,0,内殿宝物01
6123,传送阵,0,99,FALSE,FALSE,0,0,FALSE,8,0,0,0,至下一层
6124,小虎,0,99,FALSE,FALSE,0,0,FALSE,8,0,1001,0,幽灵船武器商人
6125,白老七,0,99,FALSE,FALSE,0,0,FALSE,8,0,24,0,幽灵船药师 
6126,金家铁匠,0,99,FALSE,FALSE,0,0,FALSE,8,0,0,0,重铸师
6127,高老头01,0,99,FALSE,FALSE,0,0,FALSE,8,0,0,0,黑市沃玛森林
6128,江湖侠客,0,99,FALSE,FALSE,0,0,FALSE,8,0,0,0,历练导师01
6129,神秘道尊01,0,99,FALSE,FALSE,0,0,FALSE,8,0,0,0,幽灵船管理员4外
6130,神秘道尊02,0,99,FALSE,FALSE,0,0,FALSE,8,0,0,0,幽灵船管理员4内
6131,高级货担,0,99,FALSE,FALSE,0,0,FALSE,8,0,0,0,镖车02
6132,高老头02,0,99,FALSE,FALSE,0,0,FALSE,8,0,0,0,黑市比奇矿区
6133,高老头03,0,99,FALSE,FALSE,0,0,FALSE,8,0,0,0,黑市沃玛寺庙
6134,高老头04,0,99,FALSE,FALSE,0,0,FALSE,8,0,0,0,黑市死亡峡谷
6135,高老头05,0,99,FALSE,FALSE,0,0,FALSE,8,0,0,0,黑市石墓
6136,高老头06,0,99,FALSE,FALSE,0,0,FALSE,8,0,0,0,黑市祖玛寺庙
6137,阿宝,0,99,FALSE,FALSE,0,0,FALSE,8,0,0,0,时间卡兑换
6138,白老八,0,99,FALSE,FALSE,0,0,FALSE,8,0,24,0,幽灵船药师三层 
6139,白老九,0,99,FALSE,FALSE,0,0,FALSE,8,0,24,0,幽灵船药师四层
6140,幽妹,0,99,FALSE,FALSE,0,0,FALSE,8,0,1001,0,幽灵船武器四层
6141,白老六,0,99,FALSE,FALSE,0,0,FALSE,8,0,24,0,幽灵船药师一层
6142,蒙剑,0,99,FALSE,FALSE,0,0,FALSE,8,0,0,0,幽灵船任务
6143,铁英,0,99,FALSE,FALSE,0,0,FALSE,8,0,0,0,龙卫侍从
6144,老夏,0,99,FALSE,FALSE,0,0,FALSE,8,0,0,0,蝎卫侍从
6145,卧龙翁,0,99,FALSE,FALSE,0,0,FALSE,8,0,0,0,卧龙翁
6146,小殊,0,99,FALSE,FALSE,0,0,FALSE,8,0,0,0,技能书重铸师
6147,无为01,0,99,FALSE,FALSE,0,0,FALSE,8,0,0,0,死亡峡谷6传送
6148,无为02,0,99,FALSE,FALSE,0,0,FALSE,8,0,0,0,沃玛寺庙3传送
6149,无为03,0,99,FALSE,FALSE,0,0,FALSE,8,0,0,0,石墓7传送
6150,无为04,0,99,FALSE,FALSE,0,0,FALSE,8,0,0,0,祖玛大厅传送
6151,无为05,0,99,FALSE,FALSE,0,0,FALSE,8,0,0,0,幽冥海3层传送
6152,龙飞,0,99,FALSE,FALSE,0,0,FALSE,8,0,0,0,演武场传送员
6153,武师,0,99,FALSE,FALSE,0,0,FALSE,8,0,0,0,擂台管理员
6154,吉叔,0,99,FALSE,FALSE,0,0,FALSE,8,0,2001,Shop,擂台领奖员
6155,玛法武士,0,99,FALSE,FALSE,0,0,FALSE,8,0,0,0,佣兵01
6156,先民后裔,0,99,FALSE,FALSE,0,0,FALSE,8,0,0,0,先民后裔
6157,龙卫接引人,0,99,FALSE,FALSE,0,0,FALSE,8,0,0,0,龙卫接引人
6158,大灰狼01,0,99,FALSE,FALSE,0,0,FALSE,8,0,0,0,大灰狼01
6159,大灰狼02,0,99,FALSE,FALSE,0,0,FALSE,8,0,0,0,大灰狼02
6160,玛法特使,0,99,FALSE,FALSE,0,0,FALSE,8,0,0,0,玛法特使
6161,大灰狼兑奖,0,99,FALSE,FALSE,0,0,FALSE,8,0,0,0,大灰狼兑奖
6162,姬妙手,0,99,FALSE,FALSE,0,0,FALSE,8,0,0,0,整形医生
6163,使者01,0,99,FALSE,FALSE,0,0,FALSE,8,0,0,0,沃玛寺庙领奖
6164,使者02,0,99,FALSE,FALSE,0,0,FALSE,8,0,0,0,死亡峡谷领奖
6165,使者03,0,99,FALSE,FALSE,0,0,FALSE,8,0,0,0,石墓领奖
6166,使者04,0,99,FALSE,FALSE,0,0,FALSE,8,0,0,0,祖玛领奖
6167,玲音01,0,99,FALSE,FALSE,0,0,FALSE,8,0,0,0,玲音01
6168,屠龙尊者,0,99,FALSE,FALSE,0,0,FALSE,8,0,0,0,屠龙尊者签到
6169,常百草,0,99,FALSE,FALSE,0,0,FALSE,8,0,0,0,炼药师
6170,公测庆典01,0,99,FALSE,FALSE,0,0,FALSE,8,0,0,0,传永礼包领奖
6171,公测特使01,0,99,FALSE,FALSE,0,0,FALSE,8,0,0,0,传永三小时礼包领奖
6172,无为06,0,99,FALSE,FALSE,0,0,FALSE,8,0,0,0,赤月传送1
6173,无为07,0,99,FALSE,FALSE,0,0,FALSE,8,0,0,0,赤月传送2
6174,白老十,0,99,FALSE,FALSE,0,0,FALSE,8,0,24,Shop,魔虫窟药师
6175,白十一,0,99,FALSE,FALSE,0,0,FALSE,8,0,4,Shop,赤月双倍药师
6176,幽妹10,0,99,FALSE,FALSE,0,0,FALSE,8,0,1001,Shop,赤月武器
6177,福缘尊者,0,99,FALSE,FALSE,0,0,FALSE,8,0,0,0,福缘尊者
6178,满月庆生,0,99,FALSE,FALSE,0,0,FALSE,8,0,0,0,满月庆生
6179,情牵七夕,0,99,FALSE,FALSE,0,0,FALSE,8,0,0,0,情牵七夕
6180,召唤doodad,0,99,FALSE,FALSE,0,0,FALSE,8,0,0,0,召唤doodad
6181,宝箱掉落,0,99,FALSE,FALSE,0,0,FALSE,8,0,0,0,宝箱掉落
6182,高老头07,0,99,FALSE,FALSE,0,0,FALSE,8,0,0,0,赤月峡谷寺庙
6183,传送阵02,0,99,FALSE,FALSE,0,0,FALSE,8,0,0,0,传送01
6184,传送阵03,0,99,FALSE,FALSE,0,0,FALSE,8,0,0,0,传送02
6185,传送阵04,0,99,FALSE,FALSE,0,0,FALSE,8,0,0,0,传送03
6186,峡谷哨探02,0,99,FALSE,FALSE,0,0,FALSE,8,0,0,0,峡谷哨探02
6187,峡谷哨探,0,99,FALSE,FALSE,0,0,FALSE,8,0,0,0,峡谷哨探
6188,金九月,0,99,FALSE,FALSE,0,0,FALSE,8,0,0,WeaponRune,铭文传承
6189,秘使01,0,99,FALSE,FALSE,0,0,FALSE,8,0,0,0,跨服boss传送1
6190,钱夫子,0,99,FALSE,FALSE,0,0,FALSE,8,0,0,0,桃李天下，答谢师恩
6191,中秋活动大使,0,99,FALSE,FALSE,0,0,FALSE,8,0,0,0,巧做中秋月饼，赢取稀有装备
6192,碧橙,0,99,FALSE,FALSE,0,0,FALSE,8,0,0,0,打孔
6193,中秋月饼大使,0,99,FALSE,FALSE,0,0,FALSE,8,0,0,0,中秋月饼大使
6194,印十月,0,99,FALSE,FALSE,0,0,FALSE,8,0,0,0,宝石合成
6195,幻境守将01,0,99,FALSE,FALSE,0,0,FALSE,8,0,0,0,跨服boss传回1
6196,孔夫子,0,99,FALSE,FALSE,0,0,FALSE,8,0,0,0,黑市书店
6197,刷NPC,0,99,FALSE,FALSE,0,0,FALSE,8,0,0,0,刷NPC
6198,中秋任务大使,0,99,FALSE,FALSE,0,0,FALSE,8,0,0,0,中秋任务大使
6199,沙巴克军需官,0,99,FALSE,FALSE,0,0,FALSE,8,0,54,0,沙巴克军需官
6200,李药师,0,99,FALSE,FALSE,0,0,FALSE,8,0,44,Shop,沙巴克药剂商店
6201,华诞福利,0,99,FALSE,FALSE,0,0,FALSE,8,0,0,0,付费签到和免费签到的NPC
6202,玛法天尊,0,99,FALSE,FALSE,0,0,FALSE,8,0,0,0,修为宝典兑换及提交的NPC
6203,烟花庆典,0,99,FALSE,FALSE,0,0,FALSE,8,0,0,0,放烟花的NPC
6204,小烟花01,0,99,FALSE,FALSE,0,0,FALSE,8,0,0,0,烟花交互物01
6205,华诞礼兑换,0,99,FALSE,FALSE,0,0,FALSE,8,0,0,0,华诞献礼消费的NPC
6206,小烟花02,0,99,FALSE,FALSE,0,0,FALSE,8,0,0,0,烟花交互物02
6207,礼炮01,0,99,FALSE,FALSE,0,0,FALSE,8,0,0,0,烟花飞行物01
6208,礼炮02,0,99,FALSE,FALSE,0,0,FALSE,8,0,0,0,烟花飞行物02
6209,试炼守卫,0,99,FALSE,FALSE,0,0,FALSE,8,0,0,0,天关传送
6210,试炼侍从,0,99,FALSE,FALSE,0,0,FALSE,8,0,0,0,天关选择
6211,雷九道02,0,99,FALSE,FALSE,0,0,FALSE,8,0,0,0,组队妖塔内部
6212,雷九道01,0,99,FALSE,FALSE,0,0,FALSE,8,0,0,0,组队妖塔外部传送
6213,烈火祭坛01,58002,99,FALSE,FALSE,0,0,FALSE,8,0,0,0,多人烈火祭坛
6214,寒冰祭坛01,58012,99,FALSE,FALSE,0,0,FALSE,8,0,0,0,多人寒冰祭坛
6215,传送阵01,0,99,FALSE,FALSE,0,0,FALSE,8,0,0,0,多人至下一层
6216,萍儿,0,99,FALSE,FALSE,0,0,FALSE,8,0,0,0,魔龙仓库
6217,魔龙城大统领,0,99,FALSE,FALSE,0,0,FALSE,8,0,0,0,魔龙大统领
6218,魔龙带刀侍卫,0,99,FALSE,FALSE,0,0,FALSE,8,0,0,0,魔龙带刀侍卫
6219,三彩,0,99,FALSE,FALSE,0,0,FALSE,8,0,1101,Shop,魔龙服装店老板
6220,魔龙卫兵,0,99,FALSE,FALSE,0,0,FALSE,8,0,0,0,魔龙卫兵
6221,洪力,0,99,FALSE,FALSE,0,0,FALSE,8,0,1001,Shop,魔龙武器店
6222,玉阴子,0,99,FALSE,FALSE,0,0,FALSE,8,0,4,Shop,魔龙药铺
6223,炎伯,0,99,FALSE,FALSE,0,0,FALSE,8,0,15,Shop,魔龙杂货店
6224,魔龙谋士,0,99,FALSE,FALSE,0,0,FALSE,8,0,0,0,魔龙谋士
6225,优姬,0,99,FALSE,FALSE,0,0,FALSE,8,0,1201,Shop,魔龙首饰店
6226,神秘人,0,99,FALSE,FALSE,0,0,FALSE,8,0,0,0,血域行者
6227,雷老大02,0,99,FALSE,FALSE,0,0,FALSE,8,0,0,0,雇佣军首领
6228,雷老大03,0,99,FALSE,FALSE,0,0,FALSE,8,0,0,0,雇佣军首领
6229,雷老大04,0,99,FALSE,FALSE,0,0,FALSE,8,0,0,0,雇佣军首领
6230,龙魄,0,99,FALSE,FALSE,0,0,FALSE,8,0,0,0,魔龙城老城主
6231,龙叔,0,99,FALSE,FALSE,0,0,FALSE,8,0,0,0,魔龙城传送员
6232,老药叔,0,99,FALSE,FALSE,0,0,FALSE,8,0,24,0,魔龙野外药店
6233,老杂婆,0,99,FALSE,FALSE,0,0,FALSE,8,0,35,0,魔龙野外杂货
6234,龙叔02,0,99,FALSE,FALSE,0,0,FALSE,8,0,0,0,魔龙城传送
6235,墨香,0,99,FALSE,FALSE,0,0,FALSE,8,0,0,0,魔龙岭传送
6236,墨灵,0,99,FALSE,FALSE,0,0,FALSE,8,0,0,0,魔龙兑换
6237,万圣节捣蛋鬼,0,99,FALSE,FALSE,0,0,FALSE,8,0,0,0,万圣节捣蛋鬼
6238,高老头08,0,99,FALSE,FALSE,0,0,FALSE,8,0,0,0,黑市魔龙岭
6239,千仁往,0,99,FALSE,FALSE,0,0,FALSE,8,0,0,0,公会争霸赛
6240,活动大使09,0,99,FALSE,FALSE,0,0,FALSE,8,0,0,0,火鸡传送
6241,感恩老者,0,99,FALSE,FALSE,0,0,FALSE,8,0,0,0,火鸡召唤
6242,哨探,0,99,FALSE,FALSE,0,0,FALSE,8,0,0,0,禁地大使
6243,传送阵05,0,99,FALSE,FALSE,0,0,FALSE,8,0,0,0,传送05
6244,传送阵06,0,99,FALSE,FALSE,0,0,FALSE,8,0,0,0,传送06
6245,紫伊,0,99,FALSE,FALSE,0,0,FALSE,8,0,0,0,名人堂01
6246,青伊,0,99,FALSE,FALSE,0,0,FALSE,8,0,0,0,名人堂02
6247,搔的带感,0,99,FALSE,FALSE,0,0,FALSE,8,0,0,0,名人堂03
6248,灬傲气凌云灬,0,99,FALSE,FALSE,0,0,FALSE,8,0,0,0,名人堂04
6249,丶佛丶,0,99,FALSE,FALSE,0,0,FALSE,8,0,0,0,名人堂05
6250,尾钾,0,99,FALSE,FALSE,0,0,FALSE,8,0,0,0,名人堂06
6251,哥,0,99,FALSE,FALSE,0,0,FALSE,8,0,0,0,名人堂07
6252,游吟诗人,0,99,FALSE,FALSE,0,0,FALSE,8,0,0,0,屠魔令兑换
6253,活动大使,0,99,FALSE,FALSE,0,0,FALSE,8,0,0,0,活动签到
6254,阿诗,0,99,FALSE,FALSE,0,0,FALSE,8,0,0,0,物品合成
6255,召唤个体NPC,0,99,FALSE,FALSE,0,0,FALSE,8,0,0,0,召唤个体NPC
6256,召唤XSJ,0,99,FALSE,FALSE,0,0,FALSE,8,0,0,0,召唤XSJ
6257,矿洞引路人,0,99,FALSE,FALSE,0,0,FALSE,8,0,0,0,矿洞引路人
6258,_斯,0,99,FALSE,FALSE,0,0,FALSE,8,0,0,0,名人堂08
6259,矿洞引路人02,0,99,FALSE,FALSE,0,0,FALSE,8,0,0,0,矿洞引路人02
6260,圣诞老人,0,99,FALSE,FALSE,0,0,FALSE,8,0,0,0,圣诞老人
6261,黛儿,0,99,FALSE,FALSE,0,0,FALSE,8,0,0,0,孔色传承
6262,赐福迎新,0,99,FALSE,FALSE,0,0,FALSE,8,0,0,0,赐福迎新
6263,圣诞树01,0,99,FALSE,FALSE,0,0,FALSE,8,0,0,0,圣诞树01
6264,圣诞树02,0,99,FALSE,FALSE,0,0,FALSE,8,0,0,0,圣诞树02
6265,圣诞树03,0,99,FALSE,FALSE,0,0,FALSE,8,0,0,0,圣诞树03
6266,裁判,0,99,FALSE,FALSE,0,0,FALSE,8,0,0,0,雪兽快跑裁判
6267,叮叮当,0,99,FALSE,FALSE,0,0,FALSE,8,0,0,0,圣诞童子
6268,生成圣诞树,0,99,FALSE,FALSE,0,0,FALSE,8,0,0,0,生成圣诞树
6269,生成圣诞老人,0,99,FALSE,FALSE,0,0,FALSE,8,0,0,0,生成圣诞老人
6270,小圣诞树01,0,99,FALSE,FALSE,0,0,FALSE,8,0,0,0,小圣诞树01
6271,刘爷,0,99,FALSE,FALSE,0,0,FALSE,8,0,0,0,擂台管理员02
6272,福袋多多01,0,99,FALSE,FALSE,0,0,FALSE,8,0,0,0,福袋多多01
6273,沙城勋章,0,99,FALSE,FALSE,0,0,FALSE,8,0,0,0,沙城勋章
6274,沙城供奉,0,99,FALSE,FALSE,0,0,FALSE,8,0,0,0,沙城供奉
6275,道真,0,99,FALSE,FALSE,0,0,FALSE,8,0,0,0,武器祈祷
6276,玛法天尊01,0,99,FALSE,FALSE,0,0,FALSE,8,0,0,0,修为宝典兑换及提交的NPC
6277,新年活动大使,0,99,FALSE,FALSE,0,0,FALSE,8,0,0,0,新年活动大使
6278,召唤个体水晶NPC,0,99,FALSE,FALSE,0,0,FALSE,8,0,0,0,召唤个体水晶NPC
6279,召唤QFSJ,0,99,FALSE,FALSE,0,0,FALSE,8,0,0,0,召唤QFSJ
6280,阿芙,0,99,FALSE,FALSE,0,0,FALSE,8,0,0,0,防具合成
6281,阿葵,0,99,FALSE,FALSE,0,0,FALSE,8,0,0,0,头盔合成
6282,年夜饭桌01,0,99,FALSE,FALSE,0,0,FALSE,8,0,0,0,年夜饭桌01
6283,年夜饭桌02,0,99,FALSE,FALSE,0,0,FALSE,8,0,0,0,年夜饭桌02
6284,团圆食盒01,0,99,FALSE,FALSE,0,0,FALSE,8,0,0,0,团圆食盒01
6285,祈福水晶01,0,99,FALSE,FALSE,0,0,FALSE,8,0,0,0,祈福水晶01
6286,妍希,0,99,FALSE,FALSE,0,0,FALSE,8,0,0,0,精华研磨
6287,小灶神,0,99,FALSE,FALSE,0,0,FALSE,8,0,0,0,小年祭灶神，来年福满堂
6288,新年心愿,0,99,FALSE,FALSE,0,0,FALSE,8,0,0,0,新年心愿
6289,福袋多多02,0,99,FALSE,FALSE,0,0,FALSE,8,0,0,0,福袋多多02
6290,孔明灯,0,99,FALSE,FALSE,0,0,FALSE,8,0,0,0,孔明灯
6291,穿云戒灵,0,99,FALSE,FALSE,0,0,FALSE,8,0,0,0,穿云戒灵
6292,传送员,0,99,FALSE,FALSE,0,0,FALSE,8,0,0,0,跨服战备传送
6293,算命先生,0,99,FALSE,FALSE,0,0,FALSE,8,0,0,0,技能书任务
6294,学宫侍从,0,99,FALSE,FALSE,0,0,FALSE,8,0,8000,0,学宫兑换
6295,至法尊殿,0,99,FALSE,FALSE,0,0,FALSE,8,0,0,0,XG传送05
6296,至道祖殿,0,99,FALSE,FALSE,0,0,FALSE,8,0,0,0,XG传送2
6297,传送,0,99,FALSE,FALSE,0,0,FALSE,8,0,0,0,龙卫传送2
6298,小烟花09,0,99,FALSE,FALSE,0,0,FALSE,8,0,0,0,学宫烟花交互物01
6299,周年庆活动大使,0,99,FALSE,FALSE,0,0,FALSE,8,0,0,0,周年庆活动大使
6300,公测庆典,0,99,FALSE,FALSE,0,0,FALSE,8,0,0,0,公测庆典
6301,镇魔守将01,0,99,FALSE,FALSE,0,0,FALSE,8,0,0,0,镇魔守将01
6302,送宝人偶01,0,99,FALSE,FALSE,0,0,FALSE,8,0,0,0,送宝人偶长廊
6303,送宝人偶02,0,99,FALSE,FALSE,0,0,FALSE,8,0,0,0,送宝人偶宫殿
6304,送宝人偶03,0,99,FALSE,FALSE,0,0,FALSE,8,0,0,0,送宝人偶宫殿跨服
6305,送宝人偶04,0,99,FALSE,FALSE,0,0,FALSE,8,0,0,0,宫殿自杀怪01
6306,送宝人偶05,0,99,FALSE,FALSE,0,0,FALSE,8,0,0,0,宫殿自杀怪跨服02
6307,公会通缉,0,99,FALSE,FALSE,0,0,FALSE,8,0,0,0,公会悬赏通缉
6308,李回春,0,99,FALSE,FALSE,0,0,FALSE,8,0,34,0,药剂商05
6309,虎卫,0,99,FALSE,FALSE,0,0,FALSE,8,0,0,0,虎卫
6310,苍月侍从,0,99,FALSE,FALSE,0,0,FALSE,8,0,0,0,幽冥海免费每日
6311,活动大使01,0,99,FALSE,FALSE,0,0,FALSE,8,0,0,0,免费活动大使
6312,活动大使99,0,99,FALSE,FALSE,0,0,FALSE,8,0,0,0,活动大使9
6313,矿脉01,0,99,FALSE,FALSE,0,0,FALSE,8,0,0,0,矿脉01
6314,矿脉02,0,99,FALSE,FALSE,0,0,FALSE,8,0,0,0,矿脉02
6315,矿脉03,0,99,FALSE,FALSE,0,0,FALSE,8,0,0,0,矿脉03
6316,矿脉04,0,99,FALSE,FALSE,0,0,FALSE,8,0,0,0,矿脉04
6317,小烟花10,0,99,FALSE,FALSE,0,0,FALSE,8,0,0,0,学宫烟花交互物02
6318,矿脉05,0,99,FALSE,FALSE,0,0,FALSE,8,0,0,0,矿脉05
6319,矿脉06,0,99,FALSE,FALSE,0,0,FALSE,8,0,0,0,矿脉06
6322,林纹02,0,99,FALSE,FALSE,0,0,FALSE,8,0,24,0,药剂商两倍06
6323,芭儿,0,99,FALSE,FALSE,0,0,FALSE,8,0,0,0,地下宫殿修理
6324,智瑗,0,99,FALSE,FALSE,0,0,FALSE,8,0,0,0,查询道具
6325,朗月,0,99,FALSE,FALSE,0,0,FALSE,8,0,0,0,苍月岛传送
6326,红莉,0,99,FALSE,FALSE,0,0,FALSE,8,0,0,0,红莉
6327,洛梨,0,99,FALSE,FALSE,0,0,FALSE,8,0,0,0,洛梨
6328,镖师,0,99,FALSE,FALSE,0,0,FALSE,8,0,0,0,镖师
6329,项天,0,99,FALSE,FALSE,0,0,FALSE,8,0,0,0,镖头
6330,提香,0,99,FALSE,FALSE,0,0,FALSE,8,0,0,0,提香
6331,苍澜,0,99,FALSE,FALSE,0,0,FALSE,8,0,0,0,苍月神女
6332,比奇老兵10,0,99,FALSE,FALSE,0,0,FALSE,8,0,0,0,比奇老兵10
6333,小二子,0,99,FALSE,FALSE,0,0,FALSE,8,0,0,0,小二子
6334,索魂师,0,99,FALSE,FALSE,0,0,FALSE,8,0,0,0,索魂师
6335,雷九道03,0,99,FALSE,FALSE,0,0,FALSE,8,0,0,0,魔塔秘境
6336,互通庆典,0,99,FALSE,FALSE,0,0,FALSE,8,0,0,0,互通庆典
6337,箭灵之佑,0,99,FALSE,FALSE,0,0,FALSE,8,0,0,0,箭灵之佑
6338,时空魔方,0,99,FALSE,FALSE,0,0,FALSE,8,0,0,0,时空魔方
6339,战功统领,0,99,FALSE,FALSE,0,0,FALSE,8,0,6339,0,战功统领
6340,兑换大使,0,99,FALSE,FALSE,0,0,FALSE,8,0,0,0,兑换大使
6341,天尊侍从01,0,99,FALSE,FALSE,0,0,FALSE,8,0,0,0,天尊侍从01
6342,传送阵6342,0,99,FALSE,FALSE,0,0,FALSE,8,0,0,0,随机传送6342
6343,召唤嗜血矿洞NPC,0,99,FALSE,FALSE,0,0,FALSE,8,0,0,0,召唤嗜血矿洞NPC
6344,召唤嗜血矿洞水晶,0,99,FALSE,FALSE,0,0,FALSE,8,0,0,0,召唤嗜血矿洞水晶
6345,矿洞探秘者,0,99,FALSE,FALSE,0,0,FALSE,8,0,0,0,矿洞探秘者
6346,刷刷矿洞NPC,0,99,FALSE,FALSE,0,0,FALSE,8,0,0,0,刷矿洞NPC
6347,检测刷暗之BOSS,0,99,FALSE,FALSE,0,0,FALSE,8,0,0,0,检测刷暗之BOSS
6348,小诗,0,99,FALSE,FALSE,0,0,FALSE,8,0,24,Shop,未知药剂商07
6349,娇儿,0,99,FALSE,FALSE,0,0,FALSE,8,0,0,0,未知修理
6350,星移,0,99,FALSE,FALSE,0,0,FALSE,8,0,0,0,未知传送进入
6351,宫茗,0,99,FALSE,FALSE,0,0,FALSE,8,0,1101,Shop,1级防具商人05
6352,清源,0,99,FALSE,FALSE,0,0,FALSE,8,0,1001,Shop,1级武器商人05
6353,灵雪儿,0,99,FALSE,FALSE,0,0,FALSE,8,0,4,Shop,药剂商谷金05
6354,菇瑟,0,99,FALSE,FALSE,0,0,FALSE,8,0,15,Shop,杂货商人05
6355,乐儿,0,99,FALSE,FALSE,0,0,FALSE,8,0,1201,Shop,1级首饰店05
6356,春淳,0,99,FALSE,FALSE,0,0,FALSE,8,0,0,0,仓库管理员05
6357,涵浩,0,99,FALSE,FALSE,0,0,FALSE,8,0,5000,Shop,书店老板09
6358,阿聘,0,99,FALSE,FALSE,0,0,FALSE,8,0,0,0,未知传送离开
6359,小莹,0,99,FALSE,FALSE,0,0,FALSE,8,0,0,0,未知传送进入二层
6360,大莹,0,99,FALSE,FALSE,0,0,FALSE,8,0,0,0,未知传送离开二层
6361,乐声,0,99,FALSE,FALSE,0,0,FALSE,8,0,0,0,未知传送进入神坛
6362,佩离,0,99,FALSE,FALSE,0,0,FALSE,8,0,0,0,未知传送离开神坛
6363,刷NPC01,0,99,FALSE,FALSE,0,0,FALSE,8,0,0,0,刷NPC01
6364,天眼,0,99,FALSE,FALSE,0,0,FALSE,8,0,0,0,抢旗帜
6365,矿洞探秘者01,0,99,FALSE,FALSE,0,0,FALSE,8,0,0,0,矿洞探秘者01
6366,神秘老者01,0,99,FALSE,FALSE,0,0,FALSE,8,0,0,0,神秘老者01
6367,管理员03,0,99,FALSE,FALSE,0,0,FALSE,8,0,0,0,玛法特训03
6368,铁匠九哥,0,99,FALSE,FALSE,0,0,FALSE,8,0,1001,0,铁匠九哥
6369,管理员01,0,99,FALSE,FALSE,0,0,FALSE,8,0,0,0,玛法特训01
6370,武官,0,99,FALSE,FALSE,0,0,FALSE,8,0,0,0,新服使者
6371,孟叔,0,99,FALSE,FALSE,0,0,FALSE,8,0,100,Shop,孟叔
6372,摇钱树01,0,99,FALSE,FALSE,0,0,FALSE,8,0,0,0,摇钱树01
6373,摇钱树02,0,99,FALSE,FALSE,0,0,FALSE,8,0,0,0,摇钱树02
6374,摇钱树03,0,99,FALSE,FALSE,0,0,FALSE,8,0,0,0,摇钱树03
6375,狻猊11,0,99,FALSE,FALSE,0,0,FALSE,8,0,0,0,老区狻猊掉落01
6376,狻猊12,0,99,FALSE,FALSE,0,0,FALSE,8,0,0,0,老区狻猊掉落02
6377,通用召唤03,0,99,FALSE,FALSE,0,0,FALSE,8,0,0,0,通用召唤03
6378,通用召唤,0,99,FALSE,FALSE,0,0,FALSE,8,0,0,0,通用召唤
6379,烟花控制器,0,99,FALSE,FALSE,0,0,FALSE,8,0,0,0,烟花控制器
6380,刺客引导师,0,99,FALSE,FALSE,0,0,FALSE,8,0,0,0,刺客引导师
6381,摇钱树宝箱,0,99,FALSE,FALSE,0,0,FALSE,8,0,0,0,摇钱树宝箱
6384,城主护卫官,0,99,FALSE,FALSE,0,0,FALSE,8,0,6384,0,城主护卫官
6385,杰爷,0,99,FALSE,FALSE,0,0,FALSE,8,0,7000,0,杰爷
6387,道哥,0,99,FALSE,FALSE,0,0,FALSE,8,0,7001,Shop,道哥
6388,道哥01,0,99,FALSE,FALSE,0,0,FALSE,8,0,0,0,道哥01
6389,道哥02,0,99,FALSE,FALSE,0,0,FALSE,8,0,0,0,道哥02
6390,神圣之力,0,99,FALSE,FALSE,0,0,FALSE,8,0,0,0,神圣之力
6391,顽石之力,0,99,FALSE,FALSE,0,0,FALSE,8,0,0,0,顽石之力
6392,停僮之力,0,99,FALSE,FALSE,0,0,FALSE,8,0,0,0,停僮之力
6393,圣战之佑,0,99,FALSE,FALSE,0,0,FALSE,8,0,0,0,圣战之佑
6394,法神之佑,0,99,FALSE,FALSE,0,0,FALSE,8,0,0,0,法神之佑
6395,天尊之佑,0,99,FALSE,FALSE,0,0,FALSE,8,0,0,0,天尊之佑
6396,影刺之佑,0,99,FALSE,FALSE,0,0,FALSE,8,0,0,0,影刺之佑
6397,南泽之歌,0,99,FALSE,FALSE,0,0,FALSE,8,0,0,0,南泽之歌
6398,生命值翻倍,0,99,FALSE,FALSE,0,0,FALSE,8,0,0,0,生命值翻倍
6399,移动速度,0,99,FALSE,FALSE,0,0,FALSE,8,0,0,0,移动速度
6400,荣誉点,0,99,FALSE,FALSE,0,0,FALSE,8,0,0,0,荣誉点
6401,白日门学者,0,99,FALSE,FALSE,0,0,FALSE,8,0,0,0,白日门学者
6402,神圣天师官,0,99,FALSE,FALSE,0,0,FALSE,8,0,0,0,神圣天师官
6403,灵运,0,99,FALSE,FALSE,0,0,FALSE,8,0,0,0,灵运
6404,秘境商人,0,99,FALSE,FALSE,0,0,FALSE,8,0,6404,0,秘境商人
6410,召唤棺椁,0,99,FALSE,FALSE,0,0,FALSE,8,0,0,0,召唤棺椁
6411,思景31,0,99,FALSE,FALSE,0,0,FALSE,8,0,0,0,跨服武道会药王
6412,月灵香31,0,99,FALSE,FALSE,0,0,FALSE,8,0,14,Shop,跨服武道会药店
6413,刀妹31,0,99,FALSE,FALSE,0,0,FALSE,8,0,1001,Shop,跨服武道会武器店
6414,道哥31,0,99,FALSE,FALSE,0,0,FALSE,8,0,0,0,跨服武道会道哥
6415,严头,0,99,FALSE,FALSE,0,0,FALSE,8,0,0,0,跨服武道会龙卫传承
6416,狼头31,0,99,FALSE,FALSE,0,0,FALSE,8,0,0,0,跨服武道会奖励兑换
6417,中秋活动大使03,0,99,FALSE,FALSE,0,0,FALSE,8,0,0,0,2019中秋活动
6418,古代棺椁,0,99,FALSE,FALSE,0,0,FALSE,8,0,0,0,古椁关闭
6419,破碎的棺椁,0,99,FALSE,FALSE,0,0,FALSE,8,0,0,0,古椁开启
6420,负伤的大祭司,0,99,FALSE,FALSE,0,0,FALSE,8,0,0,0,负伤的大祭司
6421,通灵古椁,0,99,FALSE,FALSE,0,0,FALSE,8,0,0,0,通灵古椁
6422,天师之影,0,99,FALSE,FALSE,0,0,FALSE,8,0,0,0,天师之影
6423,幸运老爹,0,99,FALSE,FALSE,0,0,FALSE,8,0,6423,0,幸运老爹
6424,幸运老爹02,0,99,FALSE,FALSE,0,0,FALSE,8,0,6424,0,幸运老爹2区2服
6425,献礼石镇,0,99,FALSE,FALSE,0,0,FALSE,8,0,0,0,献礼石镇
6426,淬炼童子,0,99,FALSE,FALSE,0,0,FALSE,8,0,6426,Shop,祖玛淬炼石兑换
6427,淬炼童子02,0,99,FALSE,FALSE,0,0,FALSE,8,0,6427,0,祖玛淬炼石兑换2区2服
6428,节日大使02,0,99,FALSE,FALSE,0,0,FALSE,8,0,6428,0,国庆活动
6429,节日大使01,0,99,FALSE,FALSE,0,0,FALSE,8,0,6429,0,国庆活动2区2服
6430,阿布,0,99,FALSE,FALSE,0,0,FALSE,8,0,0,0,阿布
6431,祈愿鼎,0,99,FALSE,FALSE,0,0,FALSE,8,0,0,0,祈愿鼎
6432,博莉,0,99,FALSE,FALSE,0,0,FALSE,8,0,6432,Shop,绑金商人02
6433,互通使者,0,99,FALSE,FALSE,0,0,FALSE,8,0,0,0,互通使者
6434,博文,0,99,FALSE,FALSE,0,0,FALSE,8,0,6434,Shop,博文
6435,神秘书商,0,99,FALSE,FALSE,0,0,FALSE,8,0,0,0,神秘书商
6436,博展,0,99,FALSE,FALSE,0,0,FALSE,8,0,6436,Shop,绑金商人01
6437,中秋活动大使02,0,99,FALSE,FALSE,0,0,FALSE,8,0,0,0,2018中秋活动
6438,玛法天尊02,0,99,FALSE,FALSE,0,0,FALSE,8,0,0,0,修为宝典兑换及提交的NPC
6439,国庆大使,0,99,FALSE,FALSE,0,0,FALSE,8,0,0,0,国庆大使
6440,城主护卫官02,0,99,FALSE,FALSE,0,0,FALSE,8,0,6384,0,城主护卫官(新区)
6441,游叔,0,99,FALSE,FALSE,0,0,FALSE,8,0,7000,Shop,游叔
6442,四海兄弟宴,0,99,FALSE,FALSE,0,0,FALSE,8,0,0,0,四海兄弟宴
6443,满汉全席宴,0,99,FALSE,FALSE,0,0,FALSE,8,0,0,0,满汉全席宴
6444,倪大灶,0,99,FALSE,FALSE,0,0,FALSE,8,0,0,0,倪大灶
6445,四海兄弟宴02,0,99,FALSE,FALSE,0,0,FALSE,8,0,0,0,四海兄弟宴空桌
6446,神秘饰品商01,0,99,FALSE,FALSE,0,0,FALSE,8,0,6446,0,神秘饰品商01
6447,虹锋,0,99,FALSE,FALSE,0,0,FALSE,8,0,6447,Shop,装备精炼NPC
6450,圣诞小烟花01,0,99,FALSE,FALSE,0,0,FALSE,8,0,0,0,圣诞烟花
6451,比奇圣诞树,0,99,FALSE,FALSE,0,0,FALSE,8,0,0,0,比奇圣诞树
6452,比奇圣诞树01,0,99,FALSE,FALSE,0,0,FALSE,8,0,0,0,比奇圣诞树
6453,比奇圣诞树02,0,99,FALSE,FALSE,0,0,FALSE,8,0,0,0,比奇圣诞树02
6454,小圣诞树02,0,99,FALSE,FALSE,0,0,FALSE,8,0,0,0,小圣诞树02
6455,麋鹿01,0,99,FALSE,FALSE,0,0,FALSE,8,0,0,0,麋鹿
6456,圣诞老人01,0,99,FALSE,FALSE,0,0,FALSE,8,0,0,0,圣诞老人01
6457,召唤圣诞小烟花,0,99,FALSE,FALSE,0,0,FALSE,8,0,0,0,召唤圣诞小烟花
6458,召唤圣诞麋鹿,0,99,FALSE,FALSE,0,0,FALSE,8,0,0,0,召唤圣诞麋鹿
6459,圣诞树04,0,99,FALSE,FALSE,0,0,FALSE,8,0,0,0,比奇圣诞树
6460,驯魔者,0,99,FALSE,FALSE,0,0,FALSE,8,0,6460,Shop,驯魔者
6461,依依,0,99,FALSE,FALSE,0,0,FALSE,8,0,6461,0,依依
6462,小烟花19,0,99,FALSE,FALSE,0,0,FALSE,8,0,0,0,感恩节烟花02
6463,感恩礼大使,0,99,FALSE,FALSE,0,0,FALSE,8,0,0,0,感恩礼大使
6464,恩先生,0,99,FALSE,FALSE,0,0,FALSE,8,0,0,0,2019感恩节
6465,学宫小掌柜01,0,99,FALSE,FALSE,0,0,FALSE,8,0,6465,0,学宫小掌柜01
6466,林伯01,0,99,FALSE,FALSE,0,0,FALSE,8,0,0,0,林伯01
6467,元先生01,0,99,FALSE,FALSE,0,0,FALSE,8,0,0,0,2020元旦
6468,露露02,0,99,FALSE,FALSE,0,0,FALSE,8,0,6461,0,露露02
6469,鼠叔01,0,99,FALSE,FALSE,0,0,FALSE,8,0,0,0,2020活动
6470,周年庆使者01,0,99,FALSE,FALSE,0,0,FALSE,8,0,6470,0,周年庆2020
6471,乾到,0,99,FALSE,FALSE,0,0,FALSE,8,0,0,0,乾到
6472,小渔02,0,99,FALSE,FALSE,0,0,FALSE,8,0,0,0,小渔02
6473,寻真,0,99,FALSE,FALSE,0,0,FALSE,8,0,0,0,寻真
6474,送宝人偶20,0,99,FALSE,FALSE,0,0,FALSE,8,0,0,0,石墓送宝人偶
6475,送宝人偶21,0,99,FALSE,FALSE,0,0,FALSE,8,0,0,0,石墓自杀怪01
6476,鹏仔,0,99,FALSE,FALSE,0,0,FALSE,8,0,0,0,鹏仔
6477,送宝人偶22,0,99,FALSE,FALSE,0,0,FALSE,8,0,0,0,石墓自杀怪02
6478,贪婪魔王78,0,99,FALSE,FALSE,0,0,FALSE,8,0,0,0,贪婪魔王78
6479,贪婪魔王79,0,99,FALSE,FALSE,0,0,FALSE,8,0,0,0,贪婪魔王79
6480,鼠叔02,0,99,FALSE,FALSE,0,0,FALSE,8,0,6480,0,欢乐凭证商店
6481,负伤的哨探,0,99,FALSE,FALSE,0,0,FALSE,8,0,0,0,负伤的哨探
6482,白日门哨探,0,99,FALSE,FALSE,0,0,FALSE,8,0,0,0,白日门哨探
6483,奎叔,0,99,FALSE,FALSE,0,0,FALSE,8,0,0,0,奎叔
6484,克翁,0,99,FALSE,FALSE,0,0,FALSE,8,0,0,0,克翁
6485,雪域军需官,0,99,FALSE,FALSE,0,0,FALSE,8,0,6485,Shop,雪域军需官
6486,雪域护民官,0,99,FALSE,FALSE,0,0,FALSE,8,0,0,0,雪域护民官
6487,暗雪幸存者,0,99,FALSE,FALSE,0,0,FALSE,8,0,0,0,暗雪幸存者
6488,阿特仔,0,99,FALSE,FALSE,0,0,FALSE,8,0,0,0,阿特仔
6489,卓尔玛,0,99,FALSE,FALSE,0,0,FALSE,8,0,0,0,卓尔玛
6490,卓尔玛01,0,99,FALSE,FALSE,0,0,FALSE,8,0,0,0,卓尔玛01
6491,同盟协会会长,0,99,FALSE,FALSE,0,0,FALSE,8,0,6480,0,同盟协会会长
6492,小薇02,0,99,FALSE,FALSE,0,0,FALSE,8,0,6461,0,小薇02
6493,玛法游学者,0,99,FALSE,FALSE,0,0,FALSE,8,0,0,0,玛法游学者
6494,阿坤,0,99,FALSE,FALSE,0,0,FALSE,8,0,0,0,阿坤
6495,圣诞老人18,0,99,FALSE,FALSE,0,0,FALSE,8,0,0,0,圣诞老人
6496,龙哥,0,99,FALSE,FALSE,0,0,FALSE,8,0,0,0,龙哥
6497,将进酒,0,99,FALSE,FALSE,0,0,FALSE,8,0,0,0,将进酒
6498,刷陷阱,0,99,FALSE,FALSE,0,0,FALSE,8,0,0,0,组队妖塔刷陷阱
6499,刷Doodad,0,99,FALSE,FALSE,0,0,FALSE,8,0,0,0,刷Doodad
6500,魏隆悟,0,99,FALSE,FALSE,0,0,FALSE,8,0,0,0,魏隆悟
6501,福伯,0,99,FALSE,FALSE,0,0,FALSE,8,0,0,0,福伯
6502,武哥,0,99,FALSE,FALSE,0,0,FALSE,8,0,0,0,武哥
6504,小午,0,99,FALSE,FALSE,0,0,FALSE,8,0,0,0,小午
6506,穿云戒灵02,0,99,FALSE,FALSE,0,0,FALSE,8,0,0,0,穿云戒灵02
6507,刷NPC1,0,99,FALSE,FALSE,0,0,FALSE,8,0,0,0,刷NPC1
6508,小烟花11,0,99,FALSE,FALSE,0,0,FALSE,8,0,0,0,国庆烟花普通
6509,小烟花12,0,99,FALSE,FALSE,0,0,FALSE,8,0,0,0,国庆烟花高级
6510,小烟花13,0,99,FALSE,FALSE,0,0,FALSE,8,0,0,0,国庆烟花高级
6511,小烟花14,0,99,FALSE,FALSE,0,0,FALSE,8,0,0,0,国庆烟花高级
6512,小烟花15,0,99,FALSE,FALSE,0,0,FALSE,8,0,0,0,国庆烟花高级
6513,小肥龙,0,99,FALSE,FALSE,0,0,FALSE,8,0,0,0,小肥龙
6514,修罗使者,0,99,FALSE,FALSE,0,0,FALSE,8,0,6514,Shop,修罗场报名
6515,凤舞,0,99,FALSE,FALSE,0,0,FALSE,8,0,0,0,修罗竞技场对阵
6516,修罗场图腾,0,99,TRUE,FALSE,0,0,FALSE,8,0,0,0,修罗场图腾
6517,修罗场图腾02,0,99,TRUE,FALSE,0,0,FALSE,8,0,0,0,修罗场图腾02
6520,炼符老人,0,99,FALSE,FALSE,0,0,FALSE,8,0,6520,Shop,炼符老人
6521,容剑05,0,99,FALSE,FALSE,0,0,FALSE,8,0,63,0,武器商人02
6522,影笑05,0,99,FALSE,FALSE,0,0,FALSE,8,0,64,0,防具商人02
6523,红芸05,0,99,FALSE,FALSE,0,0,FALSE,8,0,67,0,项链店老板
6524,朴不二05,0,99,FALSE,FALSE,0,0,FALSE,8,0,65,0,戒指店老板
6525,夏二丫05,0,99,FALSE,FALSE,0,0,FALSE,8,0,66,0,手镯店老板
6526,百师05,0,99,FALSE,FALSE,0,0,FALSE,8,0,62,0,杂货商人02
6527,香毒05,0,99,FALSE,FALSE,0,0,FALSE,8,0,61,0,药剂商谷金02
6528,玛法通驿05,0,99,FALSE,FALSE,0,0,FALSE,8,0,0,0,玛法通驿
6529,镇魔殿使者,0,99,FALSE,FALSE,0,0,FALSE,8,0,0,0,镇魔殿使者
6530,风翎,0,99,FALSE,FALSE,0,0,FALSE,8,0,6461,0,跨服快递
6531,雷云鹏,0,99,FALSE,FALSE,0,0,FALSE,8,0,0,0,镇魔古城传送
6532,百师01,0,99,FALSE,FALSE,0,0,FALSE,8,0,69,0,杂货商人02
6533,香毒01,0,99,FALSE,FALSE,0,0,FALSE,8,0,68,0,药剂商谷金02
6534,曜香01,0,99,FALSE,FALSE,0,0,FALSE,8,0,60,0,无相秘境药商
6535,屠龙之证,0,99,FALSE,FALSE,0,0,FALSE,8,0,0,0,魔火龙首
6536,斥候首领,0,99,FALSE,FALSE,0,0,FALSE,8,0,0,0,斥候首领
6537,雪域指挥官01,0,99,FALSE,FALSE,0,0,FALSE,8,0,0,0,雪域指挥官01
6538,雪域勇士,0,99,FALSE,FALSE,0,0,FALSE,8,0,0,0,雪域勇士
6539,受伤的勇士,0,99,FALSE,FALSE,0,0,FALSE,8,0,0,0,受伤的勇士
6540,前线指挥官01,0,99,FALSE,FALSE,0,0,FALSE,8,0,0,0,前线指挥官01
6541,暗雪村民,0,99,FALSE,FALSE,0,0,FALSE,8,0,0,0,暗雪村民
6542,伊尔,0,99,FALSE,FALSE,0,0,FALSE,8,0,6542,Shop,伊尔
6543,挣扎的龙仆,0,99,FALSE,FALSE,0,0,FALSE,8,0,0,0,挣扎的龙仆
6544,弥留枪手,0,99,FALSE,FALSE,0,0,FALSE,8,0,0,0,弥留枪手
6545,失魂的龙仆,0,99,FALSE,FALSE,0,0,FALSE,8,0,0,0,失魂的龙仆
6546,龙火族长,0,99,FALSE,FALSE,0,0,FALSE,8,0,0,0,龙火族长
6547,暗雪令使,0,99,FALSE,FALSE,0,0,FALSE,8,0,0,0,暗雪令使
6548,暗雪哨探,0,99,FALSE,FALSE,0,0,FALSE,8,0,0,0,暗雪哨探
6549,岩琳珑,0,99,FALSE,FALSE,0,0,FALSE,8,0,6549,Shop,岩琳珑
6551,龙薇,0,99,FALSE,FALSE,0,0,FALSE,8,0,6551,0,龙薇
6552,玛法老人03,0,99,FALSE,FALSE,0,0,FALSE,8,0,0,0,玛法老人03
6553,玛法侍从35,0,99,FALSE,FALSE,0,0,FALSE,8,0,0,0,玛法侍从35
6554,驯鹿35,0,99,FALSE,FALSE,0,0,FALSE,8,0,0,0,驯鹿35
6555,长廊雕像35,0,99,FALSE,FALSE,0,0,FALSE,8,0,0,0,长廊雕像35
6556,长廊雕像351,0,99,FALSE,FALSE,0,0,FALSE,8,0,0,0,长廊雕像351
6557,离开传送35,0,99,FALSE,FALSE,0,0,FALSE,8,0,0,0,离开传送35
6558,节日物资35,0,99,FALSE,FALSE,0,0,FALSE,8,0,0,0,节日物资35
6559,离开秘境,0,99,FALSE,FALSE,0,0,FALSE,8,0,0,0,离开秘境
6560,地脉碰撞检测,0,99,FALSE,FALSE,0,0,FALSE,8,0,0,0,地脉碰撞检测
6561,地脉刷滚石,0,99,FALSE,FALSE,0,0,FALSE,8,0,0,0,地脉刷滚石
6562,地脉刷飓风01,0,99,FALSE,FALSE,0,0,FALSE,8,0,0,0,地脉刷飓风01
6563,地脉刷击退,0,99,FALSE,FALSE,0,0,FALSE,8,0,0,0,地脉刷击退
6564,地脉刷飓风02,0,99,FALSE,FALSE,0,0,FALSE,8,0,0,0,地脉刷飓风02
6565,地脉陷阱冰锥,0,99,FALSE,FALSE,0,0,FALSE,8,0,0,0,地脉陷阱冰锥
6566,地脉陷阱冰刺,0,99,FALSE,FALSE,0,0,FALSE,8,0,0,0,地脉陷阱冰刺
6567,地脉陷阱地雷,0,99,FALSE,FALSE,0,0,FALSE,8,0,0,0,地脉陷阱地雷
6568,地脉陷阱图腾,0,99,FALSE,FALSE,0,0,FALSE,8,0,0,0,地脉陷阱图腾
6569,地脉陷阱光塔,0,99,FALSE,FALSE,0,0,FALSE,8,0,0,0,地脉陷阱光塔
6570,地脉精魂,0,99,FALSE,FALSE,0,0,FALSE,8,0,0,0,地脉精魂
6571,熄焰恶魔,0,99,FALSE,FALSE,0,0,FALSE,8,0,6571,0,熄焰恶魔
6572,秘境大门,0,99,FALSE,FALSE,0,0,FALSE,8,0,0,0,秘境大门
6573,熄焰恶魔02,0,99,FALSE,FALSE,0,0,FALSE,8,0,6573,0,熄焰恶魔02
6574,史娘,0,99,FALSE,FALSE,0,0,FALSE,8,0,0,0,史娘
6575,曹叔,0,99,FALSE,FALSE,0,0,FALSE,8,0,0,0,曹叔
6576,星狸,0,99,FALSE,FALSE,0,0,FALSE,8,0,0,0,星狸6576
6577,祸狐,0,99,FALSE,FALSE,0,0,FALSE,8,0,0,0,祸狐6577
6578,伏,0,99,FALSE,FALSE,0,0,FALSE,8,0,0,0,伏6578
6579,古老神树,0,99,FALSE,FALSE,0,0,FALSE,8,0,0,0,神树6579
6580,流浪货商01,0,99,FALSE,FALSE,0,0,FALSE,8,0,6580,0,流浪货商01
6581,魔渊传送门1,0,99,FALSE,FALSE,0,0,FALSE,8,0,0,0,魔渊传送门1
6582,魔渊传送门2,0,99,FALSE,FALSE,0,0,FALSE,8,0,0,0,魔渊传送门2
6583,魔渊传送门3,0,99,FALSE,FALSE,0,0,FALSE,8,0,0,0,魔渊传送门3
6584,试炼传送门1,0,99,FALSE,FALSE,0,0,FALSE,8,0,0,0,试炼传送门1
6585,离开传送36,0,99,FALSE,FALSE,0,0,FALSE,8,0,0,0,离开传送36
6586,命运使01,0,99,FALSE,FALSE,0,0,FALSE,8,0,6586,Shop,命运使01
6587,老旧园丁6587,0,99,FALSE,FALSE,0,0,FALSE,8,0,0,0,老旧园丁6587
6588,索株,0,99,FALSE,FALSE,0,0,FALSE,8,0,0,0,索株6588
6589,妖族白鹿,0,99,FALSE,FALSE,0,0,FALSE,8,0,0,0,妖师白鹿6589
6590,原住民熊山,0,99,FALSE,FALSE,0,0,FALSE,8,0,0,0,原住民熊山6590
6591,船夫6591,0,99,FALSE,FALSE,0,0,FALSE,8,0,0,0,船夫6591
6592,船夫6592,0,99,FALSE,FALSE,0,0,FALSE,8,0,0,0,船夫6592
6593,老旧园丁6593,0,99,FALSE,FALSE,0,0,FALSE,8,0,0,0,老旧园丁6593
6594,密林管理员6594,0,99,FALSE,FALSE,0,0,FALSE,8,0,0,0,密林管理员6594
6595,密林管理员6595,0,99,FALSE,FALSE,0,0,FALSE,8,0,0,0,密林管理员6595
6596,船夫6596,0,99,FALSE,FALSE,0,0,FALSE,8,0,0,0,船夫6596
6601,少年将领,0,99,FALSE,FALSE,0,0,FALSE,8,0,0,0,少年将领
6602,未立,0,99,FALSE,TRUE,10000,30000,TRUE,8,电脑-大刀守卫普通攻击,0,0,白日门守卫01
6603,未成,0,99,FALSE,TRUE,10000,30000,TRUE,8,电脑-弓箭守卫普攻技能,0,0,白日门守卫02
6604,驿站管理员,0,99,FALSE,FALSE,0,0,FALSE,8,0,0,0,白日门驿站
6605,寺庙守将,0,99,FALSE,FALSE,0,0,FALSE,8,0,0,0,遗落寺庙传送
6606,军需官05,0,99,FALSE,FALSE,0,0,FALSE,8,0,0,0,白日门军需官
6607,商队头领,0,99,FALSE,FALSE,0,0,FALSE,8,0,0,0,商队头领
6608,商队驿使,0,99,FALSE,FALSE,0,0,FALSE,8,0,0,0,商队驿使
6609,雪原货商,0,99,FALSE,FALSE,0,0,FALSE,8,0,6609,Shop,雪原货商
6660,比奇杂货商01,0,99,FALSE,FALSE,0,0,FALSE,8,0,5,Shop,比奇杂货商01
6661,玲月04,0,99,FALSE,FALSE,0,0,FALSE,8,0,0,0,玲月04
6662,白玉兰,0,99,FALSE,FALSE,0,0,FALSE,8,0,1101,Shop,1级防具商人03
6663,药老,0,99,FALSE,FALSE,0,0,FALSE,8,0,4,Shop,药剂商谷金02
6664,醉爷,0,99,FALSE,FALSE,0,0,FALSE,8,0,5,Shop,杂货商人03
6665,阿吉,0,99,FALSE,FALSE,0,0,FALSE,8,0,0,Warehouse,仓库管理员03
6666,龙爷,0,99,FALSE,FALSE,0,0,FALSE,8,0,0,0,公会管理员03
6667,百火,0,99,FALSE,FALSE,0,0,FALSE,8,0,0,0,公会仓库03
6668,金银手,0,99,FALSE,FALSE,0,0,FALSE,8,0,0,0,公会银库03
6669,边界村老兵02,0,99,FALSE,FALSE,0,0,FALSE,8,0,1901,Shop,师徒管理员02
6670,洛儿,0,99,FALSE,FALSE,0,0,FALSE,8,0,0,0,比奇拍卖员02
6671,阿英,0,99,FALSE,FALSE,0,0,FALSE,8,0,0,0,打捆
6672,王铁匠,0,99,FALSE,FALSE,0,0,FALSE,8,0,1011,Shop,1级武器商人03
6673,熊大01,0,99,FALSE,FALSE,0,0,FALSE,8,0,0,0,棕熊01
6674,狼二01,0,99,FALSE,FALSE,0,0,FALSE,8,0,0,0,狼二01
6675,独角鲸鱼人02,0,99,FALSE,FALSE,0,0,FALSE,8,0,0,0,独角鲸鱼人02
6676,黑五,0,99,FALSE,FALSE,0,0,FALSE,8,0,0,0,佣兵经纪人01
6677,良玉,0,99,FALSE,FALSE,0,0,FALSE,8,0,0,0,佣兵经纪人02
6678,信使随从,0,99,FALSE,FALSE,0,0,FALSE,8,0,0,0,信使随从
6679,王大锤,0,99,FALSE,FALSE,0,0,FALSE,8,0,0,0,武器铭文大师03
6680,玉娘,0,99,FALSE,FALSE,0,0,FALSE,8,0,1201,Shop,边界村戒指店老板
6681,紫容02,0,99,FALSE,FALSE,0,0,FALSE,8,0,0,0,灵石镶嵌大师03
6682,朴无界,0,99,FALSE,FALSE,0,0,FALSE,8,0,5000,Shop,边界村书店老板
6683,南苍公,0,99,FALSE,FALSE,0,0,FALSE,8,0,0,0,村长01
6684,阿九08,0,99,FALSE,FALSE,0,0,FALSE,8,0,0,0,阿九08
6685,朴十八,0,99,FALSE,FALSE,0,0,FALSE,8,0,0,0,信差
6686,铁牛,0,99,FALSE,FALSE,0,0,FALSE,8,0,0,0,民兵
6687,比奇信使,0,99,FALSE,FALSE,0,0,FALSE,8,0,0,0,比奇信使
6688,贝儿,0,99,FALSE,FALSE,0,0,FALSE,8,0,0,0,小女孩09
6689,铁牛02,0,99,FALSE,FALSE,0,0,FALSE,8,0,0,0,民兵02
6690,达叔,0,99,FALSE,FALSE,0,0,FALSE,8,0,4,Shop,药剂商谷金03
6691,城门守将,0,99,FALSE,FALSE,0,0,FALSE,8,0,0,0,比奇城守门将领
6692,龙相君,0,99,FALSE,FALSE,0,0,FALSE,8,0,0,Guild,比奇城城主
6693,奇云公,0,99,FALSE,FALSE,0,0,FALSE,8,0,5000,Shop,比奇城书店老板
6694,防务官,0,99,FALSE,FALSE,0,0,FALSE,8,0,0,0,比奇城防务官
6695,卫常,0,99,FALSE,FALSE,0,0,FALSE,8,0,0,0,比奇野外马夫
6696,鱼童,0,99,FALSE,FALSE,0,0,FALSE,8,0,0,0,鱼童
6697,叫卖者,0,99,FALSE,FALSE,0,0,FALSE,8,0,0,0,叫卖者
6698,平民07,0,99,FALSE,FALSE,0,0,FALSE,8,0,0,0,围观市民1
6699,难民尸体01,0,99,FALSE,FALSE,0,0,FALSE,8,0,0,0,马夫周围尸体01
6700,难民尸体02,0,99,FALSE,FALSE,0,0,FALSE,8,0,0,0,马夫周围尸体02
6701,阿南,0,99,FALSE,FALSE,0,0,FALSE,8,0,0,0,马夫周围处理尸体村民01
6702,阿莉,0,99,FALSE,FALSE,0,0,FALSE,8,0,0,0,马夫周围处理尸体村民02
6703,平民02,0,99,FALSE,FALSE,0,0,FALSE,8,0,0,0,围观市民02
6704,平民3,0,99,FALSE,FALSE,0,0,FALSE,8,0,0,0,围观市民3
6705,七仔,0,99,FALSE,FALSE,0,0,FALSE,8,0,0,0,武器升级大师
6706,闲逛市民1,0,99,FALSE,FALSE,0,0,FALSE,8,0,0,0,闲逛市民1
6707,闲逛市民02,0,99,FALSE,FALSE,0,0,FALSE,8,0,0,0,闲逛市民02
6708,比奇挑夫,0,99,FALSE,FALSE,0,0,FALSE,8,0,0,0,比奇挑夫
6709,比奇乞丐,0,99,FALSE,FALSE,0,0,FALSE,8,0,0,0,比奇乞丐
6710,扫地劳工,0,99,FALSE,FALSE,0,0,FALSE,8,0,0,0,比奇城愤怒的劳工01
6711,信差,0,99,FALSE,FALSE,0,0,FALSE,8,0,0,0,信差
6712,比奇骑兵,0,99,FALSE,FALSE,0,0,FALSE,8,0,0,0,比奇骑兵
6713,丘伯,0,99,FALSE,FALSE,0,0,FALSE,8,0,0,0,武器铭文大师02
6714,紫容,0,99,FALSE,FALSE,0,0,FALSE,8,0,0,SoulEmbed,灵石镶嵌大师02
6715,商人,0,99,FALSE,FALSE,0,0,FALSE,8,0,0,0,金币金条兑换商人
6716,齐山,0,99,FALSE,FALSE,0,0,FALSE,8,0,1801,0,成就商人
6717,香毒,0,99,FALSE,FALSE,0,0,FALSE,8,0,4,Shop,药剂商谷金02
6718,百师,0,99,FALSE,FALSE,0,0,FALSE,8,0,5,Shop,杂货商人02
6719,红芸,0,99,FALSE,FALSE,0,0,FALSE,8,0,1203,Shop,比奇项链店老板
6720,影笑,0,99,FALSE,FALSE,0,0,FALSE,8,0,1101,Shop,1级防具商人02
6721,容剑,0,99,FALSE,FALSE,0,0,FALSE,8,0,1001,Shop,1级武器商人02
6722,武馆教头01,0,99,FALSE,FALSE,0,0,FALSE,8,0,1401,0,师徒管理员武馆教头
6723,卫士01,0,99,FALSE,TRUE,10000,30000,TRUE,8,电脑-大刀守卫普通攻击,0,0,比奇城大刀守卫
6724,弓箭卫士,0,99,FALSE,TRUE,10000,30000,TRUE,8,电脑-弓箭守卫普攻技能,0,0,比奇城弓箭守卫
6725,陈开02,0,99,FALSE,FALSE,0,0,FALSE,8,0,0,0,公会管理员02
6726,龙迁,0,99,FALSE,FALSE,0,0,FALSE,8,0,0,0,比奇公会仓库02
6727,白柔,0,99,FALSE,FALSE,0,0,FALSE,8,0,0,0,工资管理员02
6728,麦家铺子,0,99,FALSE,FALSE,0,0,FALSE,8,0,0,0,麦家铺子
6729,难民尸体03,0,99,FALSE,FALSE,0,0,FALSE,8,0,0,0,马夫周围尸体03
6730,难民尸体04,0,99,FALSE,FALSE,0,0,FALSE,8,0,0,0,马夫周围尸体04
6731,难民尸体05,0,99,FALSE,FALSE,0,0,FALSE,8,0,0,0,卫常周围刷新僵尸01
6732,难民尸体06,0,99,FALSE,FALSE,0,0,FALSE,8,0,0,0,卫常周围刷新僵尸02
6733,武馆教头02,0,99,FALSE,FALSE,0,0,FALSE,8,0,1901,Shop,武馆教头02
6734,大刀守卫01,0,99,FALSE,TRUE,10000,30000,TRUE,8,电脑-大刀守卫普通攻击,0,0,比奇城大刀守卫01
6735,桑德,0,99,FALSE,FALSE,0,0,FALSE,8,0,0,0,比奇拍卖员01
6736,死尸,0,99,FALSE,FALSE,0,0,FALSE,8,0,0,0,比奇野外死大夫
6737,小飞01,0,99,FALSE,FALSE,0,0,FALSE,8,0,0,0,将军之子01
6738,平民08,0,99,FALSE,FALSE,0,0,FALSE,8,0,0,0,居民05
6739,平民06,0,99,FALSE,FALSE,0,0,FALSE,8,0,0,0,居民06
6740,沙万军,0,99,FALSE,FALSE,0,0,FALSE,8,0,0,0,沙巴克报名
6741,飞虎,0,99,FALSE,FALSE,0,0,FALSE,8,0,0,0,副将飞虎
6742,小飞,0,99,FALSE,FALSE,0,0,FALSE,8,0,0,0,将军之子
6743,卫兵1,0,99,FALSE,FALSE,0,0,FALSE,8,0,0,0,矿洞大刀守卫
6744,卫兵2,0,99,FALSE,FALSE,0,0,FALSE,8,0,0,0,矿洞弓箭守卫
6745,逃兵,0,99,FALSE,FALSE,0,0,FALSE,8,0,0,0,逃生的矿洞守卫
6746,飞虎1,0,99,FALSE,FALSE,0,0,FALSE,8,0,0,0,接任务打boss的飞虎
6747,七叶长老,0,99,FALSE,FALSE,0,0,FALSE,8,0,0,0,快变成僵尸的和尚
6748,玄衣道长,0,99,FALSE,FALSE,0,0,FALSE,8,0,0,0,快变成僵尸的道士
6749,受伤的矿工,0,99,FALSE,FALSE,0,0,FALSE,8,0,0,0,受伤的矿工
6750,藏剑,0,99,FALSE,FALSE,0,0,FALSE,8,0,1001,Shop,比奇矿区1级武器商人02
6751,凤婆,0,99,FALSE,FALSE,0,0,FALSE,8,0,35,Shop,杂货商人04
6752,包欣,0,99,FALSE,FALSE,0,0,FALSE,8,0,1001,Shop,1级武器商人04
6753,宫婉,0,99,FALSE,FALSE,0,0,FALSE,8,0,1101,Shop,1级防具商人04
6754,灵湖,0,99,FALSE,FALSE,0,0,FALSE,8,0,34,Shop,药剂大师04
6755,汪伯,0,99,FALSE,FALSE,0,0,FALSE,8,0,0,0,避风湾渔民老年男
6756,小虾,0,99,FALSE,FALSE,0,0,FALSE,8,0,0,0,避风湾渔民青年男
6757,阿碧,0,99,FALSE,FALSE,0,0,FALSE,8,0,0,0,避风湾渔民青年女
6758,大刀卫兵,0,99,FALSE,FALSE,0,0,FALSE,8,0,0,0,沃玛森林大刀卫兵
6759,弓手卫兵,0,99,FALSE,FALSE,0,0,FALSE,8,0,0,0,沃玛森林弓手卫兵
6760,蒙武,0,99,FALSE,FALSE,0,0,FALSE,8,0,0,0,蒙武
6761,小潘,0,99,FALSE,FALSE,0,0,FALSE,8,0,0,0,奸商01
6762,奇云生,0,99,FALSE,FALSE,0,0,FALSE,8,0,0,0,书店老板儿子
6763,比奇老兵01,0,99,FALSE,FALSE,0,0,FALSE,8,0,0,0,比奇老兵01
6764,佣兵表演01,0,99,FALSE,FALSE,0,0,FALSE,8,0,0,0,佣兵表演01
6765,佣兵表演02,0,99,FALSE,FALSE,0,0,FALSE,8,0,0,0,佣兵表演02
6766,佣兵03,0,99,FALSE,FALSE,0,0,FALSE,8,0,0,0,沃玛佣兵03
6771,陈叔,0,99,FALSE,FALSE,0,0,FALSE,8,0,0,WeaponRune,武器铭文大师03
6772,盟容,0,99,FALSE,FALSE,0,0,FALSE,8,0,0,0,灵石镶嵌大师03
6773,沙雅,0,99,FALSE,FALSE,0,0,FALSE,8,0,0,0,沙巴克传送员
6774,蒙小珊,0,99,FALSE,FALSE,0,0,FALSE,8,0,1801,0,成就商人02
6775,月灵香,0,99,FALSE,FALSE,0,0,FALSE,8,0,4,0,药剂商谷金03
6776,红菇,0,99,FALSE,FALSE,0,0,FALSE,8,0,15,Shop,杂货商人03
6777,金寰,0,99,FALSE,FALSE,0,0,FALSE,8,0,1201,0,1级首饰店02
6778,翎儿,0,99,FALSE,FALSE,0,0,FALSE,8,0,1101,0,1级防具商人03
6779,刀妹,0,99,FALSE,FALSE,0,0,FALSE,8,0,1001,0,1级武器商人03
6780,盟鹰,0,99,FALSE,FALSE,0,0,FALSE,8,0,1401,0,竞技场管理员03
6781,卫士02,0,99,FALSE,TRUE,10000,30000,TRUE,8,电脑-大刀守卫普通攻击,0,0,巡逻大刀守卫
6782,盟重弓箭守卫,0,99,FALSE,TRUE,10000,30000,TRUE,8,电脑-弓箭守卫普攻技能,0,0,盟重省弓箭守卫
6783,老沙,0,99,FALSE,FALSE,0,0,FALSE,8,0,0,0,公会管理员03
6784,沙千秋,0,99,FALSE,FALSE,0,0,FALSE,8,0,0,0,盟重公会仓库03
6785,小贩,0,99,FALSE,FALSE,0,0,FALSE,8,0,6,Shop,红名村药店
6786,夏悦来,0,99,FALSE,FALSE,0,0,FALSE,8,0,0,0,仓库管理员03
6787,盟重老园丁,0,99,FALSE,FALSE,0,0,FALSE,8,0,1902,0,师徒管理员01
6788,盟重大刀守卫01,0,99,FALSE,FALSE,0,0,FALSE,8,0,0,0,盟重省大刀守卫01
6789,夏久,0,99,FALSE,FALSE,0,0,FALSE,8,0,0,0,盟重拍卖员01
6790,商会使者,0,99,FALSE,FALSE,0,0,FALSE,8,0,0,0,商业区引导员
6791,三爷,0,99,FALSE,FALSE,0,0,FALSE,8,0,0,0,武器升级大师
6792,史万千,0,99,FALSE,FALSE,0,0,FALSE,8,0,5000,Shop,书店老板
6793,虾老大05,0,99,FALSE,FALSE,0,0,FALSE,8,0,0,0,虾老大盟重
6794,黄家肉铺掌柜01,0,99,FALSE,FALSE,0,0,FALSE,8,0,0,0,黄家肉铺掌柜
6795,小虾米01,0,99,FALSE,FALSE,0,0,FALSE,8,0,0,0,小虾米
6796,蒙君毅01,0,99,FALSE,FALSE,0,0,FALSE,8,0,0,0,蒙君毅
6797,玲月06,0,99,FALSE,FALSE,0,0,FALSE,8,0,0,0,玲月
6798,老兵01,0,99,FALSE,FALSE,0,0,FALSE,8,0,0,0,双倍经验领取
6799,流浪汉01,0,99,FALSE,FALSE,0,0,FALSE,8,0,0,0,流浪汉
6800,挑夫01,0,99,FALSE,FALSE,0,0,FALSE,8,0,0,0,挑夫01
6801,虾老大06,0,99,FALSE,FALSE,0,0,FALSE,8,0,0,0,虾老大死亡峡谷01
6802,受伤的法师,0,99,FALSE,FALSE,0,0,FALSE,8,0,0,0,受伤的法师
6803,虾老大07,0,99,FALSE,FALSE,0,0,FALSE,8,0,0,0,虾老大死亡峡谷02
6804,老吉,0,99,FALSE,FALSE,0,0,FALSE,8,0,35,Shop,杂货商人09
6805,圆圆,0,99,FALSE,FALSE,0,0,FALSE,8,0,34,Shop,药剂商09
6806,玲月07,0,99,FALSE,FALSE,0,0,FALSE,8,0,0,0,玲月
6807,四爷,0,99,FALSE,FALSE,0,0,FALSE,8,0,0,0,高级武器升级大师
6808,兰儿,0,99,FALSE,FALSE,0,0,FALSE,8,0,0,0,勋章洗炼
6809,五爷,0,99,FALSE,FALSE,0,0,FALSE,8,0,0,0,武器铸魂
6811,大刀卫兵02,0,99,FALSE,FALSE,0,0,FALSE,8,0,0,0,石墓大刀卫兵
6812,虾老大01,0,99,FALSE,FALSE,0,0,FALSE,8,0,0,0,虾老大一层
6813,麻老02,0,99,FALSE,FALSE,0,0,FALSE,8,0,35,0,杂货商人04
6814,魏铁生02,0,99,FALSE,FALSE,0,0,FALSE,8,0,1001,0,武器大师05
6815,钱一万,0,99,FALSE,FALSE,0,0,FALSE,8,0,34,0,药剂商04
6816,福娘,0,99,FALSE,FALSE,0,0,FALSE,8,0,1201,0,1级首饰店02
6817,虾老大02,0,99,FALSE,FALSE,0,0,FALSE,8,0,0,0,虾老大二层
6818,虾老大03,0,99,FALSE,FALSE,0,0,FALSE,8,0,0,0,虾老大三层
6819,虾老大04,0,99,FALSE,FALSE,0,0,FALSE,8,0,0,0,虾老大五层
6820,蒙小茶01,0,99,FALSE,FALSE,0,0,FALSE,8,0,0,0,女战士03
6821,蒙小茶02,0,99,FALSE,FALSE,0,0,FALSE,8,0,0,0,女战士04
6831,玲雅01,0,99,FALSE,FALSE,0,0,FALSE,8,0,0,0,寺庙2层玲雅01
6832,玲雅02,0,99,FALSE,FALSE,0,0,FALSE,8,0,0,0,寺庙7层玲雅02
6833,玲雅03,0,99,FALSE,FALSE,0,0,FALSE,8,0,0,0,盟重省玲雅03
6834,玲月08,0,99,FALSE,FALSE,0,0,FALSE,8,0,0,0,玲月08
6835,小四,0,99,FALSE,FALSE,0,0,FALSE,8,0,0,0,小四
6836,祖玛教长老,0,99,FALSE,FALSE,0,0,FALSE,8,0,0,0,祖玛教长老
6837,玲雅04,0,99,FALSE,FALSE,0,0,FALSE,8,0,0,0,祖玛阁玲雅04
6841,清流,0,99,FALSE,FALSE,0,0,FALSE,8,0,0,0,清流
6842,方药师,0,99,FALSE,FALSE,0,0,FALSE,8,0,0,0,方药师
6843,潘有财,0,99,FALSE,FALSE,0,0,FALSE,8,0,0,0,潘有财
6844,小铃铛,0,99,FALSE,FALSE,0,0,FALSE,8,0,0,0,小铃铛
6845,无涯,0,99,FALSE,FALSE,0,0,FALSE,8,0,0,0,无涯广场
6847,龙战,0,99,FALSE,FALSE,0,0,FALSE,8,0,0,0,龙战
6851,龙火,0,99,FALSE,FALSE,0,0,FALSE,8,0,0,0,魔龙城主
6852,元飞,0,99,FALSE,FALSE,0,0,FALSE,8,0,0,0,魔龙城将军
6853,阿宝01,0,99,FALSE,FALSE,0,0,FALSE,8,0,0,0,平民
6854,小虎01,0,99,FALSE,FALSE,0,0,FALSE,8,0,0,0,平民
6855,炎老,0,99,FALSE,FALSE,0,0,FALSE,8,0,0,0,神龙长老
6856,阿罗,0,99,FALSE,FALSE,0,0,FALSE,8,0,0,0,平民
6857,雷老大01,0,99,FALSE,FALSE,0,0,FALSE,8,0,0,0,雇佣军首领
6858,龙渊,0,99,FALSE,FALSE,0,0,FALSE,8,0,0,0,大祭司
6859,素云,0,99,FALSE,FALSE,0,0,FALSE,8,0,0,0,魔龙城公主
6860,黑牛,0,99,FALSE,FALSE,0,0,FALSE,8,0,0,0,雇佣军副将
6861,玉轩公01,0,99,FALSE,FALSE,0,0,FALSE,8,0,0,0,属地总管01
6862,商会管理员,0,99,FALSE,FALSE,0,0,FALSE,8,0,0,0,商会管理员
6863,司巫02,0,99,FALSE,FALSE,0,0,FALSE,8,0,0,0,公会妖兽召唤员02
6864,沙万01,0,99,FALSE,FALSE,0,0,FALSE,8,0,0,0,公会任务
6866,金库管理员,0,99,FALSE,FALSE,0,0,FALSE,8,0,0,0,金库管理员
6868,农场管理员,0,99,FALSE,FALSE,0,0,FALSE,8,0,0,0,农场管理员
6869,木场管理员,0,99,FALSE,FALSE,0,0,FALSE,8,0,0,0,木场管理员
6870,矿场管理员,0,99,FALSE,FALSE,0,0,FALSE,8,0,0,0,矿场管理员
6871,石场管理员,0,99,FALSE,FALSE,0,0,FALSE,8,0,0,0,石场管理员
6873,公会福利管理员01,0,99,FALSE,FALSE,0,0,FALSE,8,0,0,0,公会福利管理员
6874,工资管理员01,0,99,FALSE,FALSE,0,0,FALSE,8,0,0,0,工资管理员
6875,阿常01,0,99,FALSE,FALSE,0,0,FALSE,8,0,0,0,公会战传送01
6876,人事管理员,0,99,FALSE,FALSE,0,0,FALSE,8,0,0,0,人事管理员
6877,公会副本管理,0,99,FALSE,FALSE,0,0,FALSE,8,0,0,0,公会副本管理
6878,公会副本大使,0,99,FALSE,FALSE,0,0,FALSE,8,0,0,0,公会副本大使
6879,天气管理员,0,99,FALSE,FALSE,0,0,FALSE,8,0,0,0,天气管理员
6880,公会使者01,0,99,FALSE,FALSE,0,0,FALSE,8,0,0,0,公会使者01
6881,阿海01,0,99,FALSE,FALSE,0,0,FALSE,8,0,0,0,战时资源回收官01
6882,阿林01,0,99,FALSE,FALSE,0,0,FALSE,8,0,0,0,资源回收官01
6883,夏家婶婶02,0,99,FALSE,FALSE,0,0,FALSE,8,0,0,0,公会温泉管理员02
6884,经验区,0,99,FALSE,FALSE,0,0,FALSE,8,0,0,0,经验区
6885,陈诚01,0,99,FALSE,FALSE,0,0,FALSE,8,0,0,0,陈诚01
6895,公会任务管理员01,0,99,FALSE,FALSE,0,0,FALSE,8,0,0,0,公会任务发布
6896,公会任务管理员02,0,99,FALSE,FALSE,0,0,FALSE,8,0,0,0,公会任务发布
6897,公会传送02,0,99,FALSE,FALSE,0,0,FALSE,8,0,0,0,公会传送-传入公会
6898,莫公01,0,99,FALSE,FALSE,0,0,FALSE,8,0,0,0,初级铭文师
6899,莫公02,0,99,FALSE,FALSE,0,0,FALSE,8,0,0,0,中级铭文师
6900,莫公03,0,99,FALSE,FALSE,0,0,FALSE,8,0,0,0,高级铭文师
6901,莫公04,0,99,FALSE,FALSE,0,0,FALSE,8,0,0,0,铭文专家
6902,莫公05,0,99,FALSE,FALSE,0,0,FALSE,8,0,0,0,铭文大师
6903,莫公06,0,99,FALSE,FALSE,0,0,FALSE,8,0,0,0,铭文宗师
6904,司巫01,0,99,FALSE,FALSE,0,0,FALSE,8,0,0,0,公会妖兽召唤员01
6905,祖巫01,0,99,FALSE,FALSE,0,0,FALSE,8,0,0,0,公会祈祷员01
6906,龙二01,0,99,FALSE,FALSE,0,0,FALSE,8,0,0,0,龙二01
6907,夏家婶婶01,0,99,FALSE,FALSE,0,0,FALSE,8,0,0,0,公会温泉管理员01
6908,公会护送管理员01,0,99,FALSE,FALSE,0,0,FALSE,8,0,0,0,公会护送管理员01
6909,龙漠,0,99,FALSE,FALSE,0,0,FALSE,8,0,0,0,公会仓库03
6910,燕儿,0,99,FALSE,FALSE,0,0,FALSE,8,0,99,0,公会商人02
6911,沙巴克报名官,0,99,FALSE,FALSE,0,0,FALSE,8,0,1201,0,沙巴克报名官
6912,流影,0,99,FALSE,FALSE,0,0,FALSE,8,0,1203,Shop,沙巴克饰品店
6913,无崖,0,99,FALSE,FALSE,0,0,FALSE,8,0,1001,Shop,沙巴克武器店
6914,墨风,0,99,FALSE,FALSE,0,0,FALSE,8,0,5000,Shop,沙巴克书店
6915,唐巧,0,99,FALSE,FALSE,0,0,FALSE,8,0,1101,Shop,沙巴克服装店
6916,老十,0,99,FALSE,FALSE,0,0,FALSE,8,0,0,0,沙巴克仓库
6917,丹心,0,99,FALSE,FALSE,0,0,FALSE,8,0,4,Shop,沙巴克药店
6918,铁如意,0,99,FALSE,FALSE,0,0,FALSE,8,0,5,Shop,沙巴克杂货店
6919,沙城老兵,0,99,FALSE,FALSE,0,0,FALSE,8,0,1201,0,沙巴克公会使者
6921,沙城开战测试,0,99,FALSE,FALSE,0,0,FALSE,8,0,0,0,沙城开战测试
6922,沙城不开战测试,0,99,FALSE,FALSE,0,0,FALSE,8,0,0,0,沙城不开战测试
6923,沙城旗帜传送,0,99,FALSE,FALSE,0,0,FALSE,8,0,0,0,沙城旗帜传送
6924,沙城旗帜传送1,0,99,FALSE,FALSE,0,0,FALSE,8,0,0,0,沙城旗帜传送1
6990,洛命,0,99,FALSE,FALSE,0,0,FALSE,8,0,0,0,试炼官03
6994,勇者商人01,0,99,FALSE,FALSE,0,0,FALSE,8,0,6997,Shop,勇者商人01
6995,试炼传送阵03,0,99,FALSE,FALSE,0,0,FALSE,8,0,0,0,勇者试炼传送
6996,小游02,0,99,FALSE,FALSE,0,0,FALSE,8,0,0,0,试炼官
6997,秦天01,0,99,FALSE,FALSE,0,0,FALSE,8,0,6997,Shop,勇者试炼
6998,皇城侍卫官,0,99,FALSE,FALSE,0,0,FALSE,8,0,0,0,皇城侍卫官
6999,猎魔暗使,0,99,FALSE,FALSE,0,0,FALSE,8,0,0,0,猎魔暗使
7000,魔塔传送阵,0,99,FALSE,FALSE,0,0,FALSE,8,0,0,0,九层魔塔传送
7001,雕爷,0,99,FALSE,FALSE,0,0,FALSE,8,0,0,0,雕爷
7100,依梵,0,99,FALSE,FALSE,0,0,FALSE,8,0,0,0,一键换装
7101,玛法福利官,0,99,FALSE,FALSE,0,0,FALSE,8,0,0,0,玛法福利官
7102,小金猪,0,99,FALSE,FALSE,0,0,FALSE,8,0,0,0,小金猪
7103,天蓬元帅,0,99,FALSE,FALSE,0,0,FALSE,8,0,0,0,天蓬元帅
7104,灯笼,0,99,FALSE,FALSE,0,0,FALSE,8,0,0,0,春节灯笼
7105,春节烟花,0,99,FALSE,FALSE,0,0,FALSE,8,0,0,0,春节烟花
7106,春节烟花01,0,99,FALSE,FALSE,0,0,FALSE,8,0,0,0,春节烟花
7107,灯笼01,0,99,FALSE,FALSE,0,0,FALSE,8,0,0,0,春节灯笼
7108,召唤春节装饰烟花,0,99,FALSE,FALSE,0,0,FALSE,8,0,0,0,召唤春节装饰烟花
7109,小猪哥,0,99,FALSE,FALSE,0,0,FALSE,8,0,0,0,小猪哥
7110,仲邈01,0,99,FALSE,FALSE,0,0,FALSE,8,0,0,0,仲邈
7111,思景01,0,99,FALSE,FALSE,0,0,FALSE,8,0,0,0,思景
7112,立夏,0,99,FALSE,FALSE,0,0,FALSE,8,0,0,0,立夏
7113,屈野,0,99,FALSE,FALSE,0,0,FALSE,8,0,0,0,屈野
7114,集市管理员,0,99,FALSE,FALSE,0,0,FALSE,8,0,0,0,集市管理员
7115,魏隆天,0,99,FALSE,FALSE,0,0,FALSE,8,0,0,0,魏隆天
7116,乾一刀,0,99,FALSE,FALSE,0,0,FALSE,8,0,0,0,乾一刀
7117,卦大仙,0,99,FALSE,FALSE,0,0,FALSE,8,0,0,0,卦大仙
7118,花童,0,99,FALSE,FALSE,0,0,FALSE,8,0,0,0,花童
7119,玛法通驿,0,99,FALSE,FALSE,0,0,FALSE,8,0,0,0,玛法通驿
7120,花千羽,0,99,FALSE,FALSE,0,0,FALSE,8,0,0,0,花千羽
7121,香菇,0,99,FALSE,FALSE,0,0,FALSE,8,0,0,0,BOSS药品
7122,赤月通驿,0,99,FALSE,FALSE,0,0,FALSE,8,0,0,0,传送
7123,魔龙通驿,0,99,FALSE,FALSE,0,0,FALSE,8,0,0,0,传送
7124,骨魔通驿,0,99,FALSE,FALSE,0,0,FALSE,8,0,0,0,传送
7125,牛魔通驿,0,99,FALSE,FALSE,0,0,FALSE,8,0,0,0,传送
7126,弓手引导师,0,99,FALSE,FALSE,0,0,FALSE,8,0,0,0,弓手引导师
7127,屠魔大厅召怪,0,99,FALSE,FALSE,0,0,FALSE,8,0,0,0,屠魔大厅召怪
7128,屠魔大厅管理,0,99,FALSE,FALSE,0,0,FALSE,8,0,0,0,屠魔大厅管理
7129,珍宝老者,0,99,FALSE,FALSE,0,0,FALSE,8,0,7129,0,珍宝老者
7130,皇城侍从,0,99,FALSE,FALSE,0,0,FALSE,8,0,0,0,皇城侍从
7131,镇魔守卫,0,99,FALSE,FALSE,0,0,FALSE,8,0,0,0,镇魔殿管理员
7132,神算子01,0,99,FALSE,FALSE,0,0,FALSE,8,0,0,0,神算子01
7133,初夏,0,99,FALSE,FALSE,0,0,FALSE,8,0,0,0,初夏
7134,夏阳,0,99,FALSE,FALSE,0,0,FALSE,8,0,34,0,夏阳
7135,蜘蛛长廊陷阱,0,99,FALSE,FALSE,0,0,FALSE,8,0,0,0,蜘蛛长廊陷阱
7136,伊人,0,99,FALSE,FALSE,0,0,FALSE,8,0,0,0,传说升级预言
7137,盘石,0,99,FALSE,FALSE,0,0,FALSE,8,0,7137,0,铭文贩卖
7138,宠物测试,0,99,FALSE,FALSE,0,0,FALSE,8,0,0,0,宠物测试
7139,如意树,0,99,FALSE,FALSE,0,0,FALSE,8,0,0,0,如意树
7140,稀有精英管理员,0,99,FALSE,FALSE,0,0,FALSE,8,0,0,0,稀有精英管理员
7141,小园丁,0,99,FALSE,FALSE,0,0,FALSE,8,0,0,0,小园丁
7142,镇魔殿下一层,0,99,FALSE,FALSE,0,0,FALSE,8,0,0,0,镇魔殿下一层
7143,宠物测试7143,0,99,FALSE,FALSE,0,0,FALSE,8,0,0,0,宠物测试7143
7144,宝珍多,0,99,FALSE,FALSE,0,0,FALSE,8,0,6998,Shop,宝珍多
7145,宝珍多02,0,99,FALSE,FALSE,0,0,FALSE,8,0,0,0,宝珍多
7146,罡斩,0,99,FALSE,FALSE,0,0,FALSE,8,0,0,0,罡斩
7147,神佑祭司,0,99,FALSE,FALSE,0,0,FALSE,8,0,0,0,神佑祭司
7148,明月,0,99,FALSE,FALSE,0,0,FALSE,8,0,7148,0,明月
7149,元素王座阻挡,0,99,FALSE,FALSE,0,0,FALSE,8,0,0,0,元素王座阻挡
7150,元素王座管理,0,99,FALSE,FALSE,0,0,FALSE,8,0,0,0,元素王座管理
7151,直升礼官,0,99,FALSE,FALSE,0,0,FALSE,8,0,0,0,白日门守卫02
7152,倪其林,0,99,FALSE,FALSE,0,0,FALSE,8,0,0,0,2020感恩节
7153,龙枪引导师,0,99,FALSE,FALSE,0,0,FALSE,8,0,0,0,龙枪引导师
7154,雪儿,0,99,FALSE,FALSE,0,0,FALSE,8,0,0,0,雪儿
7155,比奇圣诞树03,0,99,FALSE,FALSE,0,0,FALSE,8,0,0,0,比奇圣诞树
7156,比奇圣诞树04,0,99,FALSE,FALSE,0,0,FALSE,8,0,0,0,比奇圣诞树02
7157,小鹏仔,0,99,FALSE,FALSE,0,0,FALSE,8,0,7157,0,小鹏仔
7158,大烟花效果,0,99,FALSE,FALSE,0,0,FALSE,8,0,0,0,大烟花效果
7159,春节烟花02,0,99,FALSE,FALSE,0,0,FALSE,8,0,0,0,春节烟花
7160,春节烟花03,0,99,FALSE,FALSE,0,0,FALSE,8,0,0,0,春节烟花
7161,春节装饰,0,99,FALSE,FALSE,0,0,FALSE,8,0,0,0,春节装饰
7162,山渐青,0,99,FALSE,FALSE,0,0,FALSE,8,0,0,0,山渐青
7163,小元宵,0,99,FALSE,FALSE,0,0,FALSE,8,0,0,0,小元宵
7164,依洁,0,99,FALSE,FALSE,0,0,FALSE,8,0,0,0,依洁
7165,签到礼官,0,99,FALSE,FALSE,0,0,FALSE,8,0,34,0,签到礼官
7166,地脉使者01,0,99,FALSE,FALSE,0,0,FALSE,8,0,0,0,元素地脉
7167,地脉使者02,0,99,FALSE,FALSE,0,0,FALSE,8,0,0,0,元素地脉管理员NPC
7168,地脉使者03,0,99,FALSE,FALSE,0,0,FALSE,8,0,0,0,元素地脉阻挡NPC
7169,急先锋01,0,99,FALSE,FALSE,0,0,FALSE,8,0,7169,0,急先锋01
7170,地脉使者04,0,99,FALSE,FALSE,0,0,FALSE,8,0,0,0,地脉管理员01
7171,地脉使者05,0,99,FALSE,FALSE,0,0,FALSE,8,0,0,0,地脉管理员02
7172,地脉使者06,0,99,FALSE,FALSE,0,0,FALSE,8,0,0,0,地脉管理员01
7173,直升礼官01,0,99,FALSE,FALSE,0,0,FALSE,8,0,0,0,白日门守卫02
7174,卓尔玛02,0,99,FALSE,FALSE,0,0,FALSE,8,0,0,0,卓尔玛
7175,召唤魔火龙,0,99,FALSE,FALSE,0,0,FALSE,8,0,0,0,召唤魔火龙
7176,雪域封印,0,99,FALSE,FALSE,0,0,FALSE,8,0,0,0,雪域封印
7177,召唤魔火龙（开服）,0,99,FALSE,FALSE,0,0,FALSE,8,0,0,0,召唤魔火龙（开服）
7178,虾老大08,0,99,FALSE,FALSE,0,0,FALSE,8,0,0,0,虾老大一层
7179,陈百战,0,99,FALSE,FALSE,0,0,FALSE,8,0,0,0,跨服武道会奖励兑换
7180,天赋使者,0,99,FALSE,FALSE,0,0,FALSE,8,0,0,0,天赋使者
7181,庆典使者,0,99,FALSE,FALSE,0,0,FALSE,8,0,0,0,庆典使者
8215,龙卫将军,0,99,FALSE,FALSE,0,0,FALSE,8,0,0,0,龙卫将军
8216,月霞,0,99,FALSE,FALSE,0,0,FALSE,8,0,24,Shop,白日药剂商07
8217,林溪,0,99,FALSE,FALSE,0,0,FALSE,8,0,0,0,白日修理
8218,阿浩,0,99,FALSE,FALSE,0,0,FALSE,8,0,0,0,白日传送进入
8219,阿浪,0,99,FALSE,FALSE,0,0,FALSE,8,0,0,0,白日传送离开
8220,冥海信标,0,99,FALSE,FALSE,0,0,FALSE,8,0,0,0,冥海信标
8221,刺杀信标,0,99,FALSE,FALSE,0,0,FALSE,8,0,0,0,刺杀信标
8228,武尊01,0,99,FALSE,FALSE,0,0,FALSE,8,0,0,0,武尊01
8229,离魅24,0,99,FALSE,FALSE,0,0,FALSE,8,0,0,0,离魅24
8230,林威将军24,0,99,FALSE,FALSE,0,0,FALSE,8,0,0,0,林威将军24
8231,女武师24,0,99,FALSE,FALSE,0,0,FALSE,8,0,0,0,女武师24
8232,石原难民24,0,99,FALSE,FALSE,0,0,FALSE,8,0,0,0,石原难民24
8233,难民首领24,0,99,FALSE,FALSE,0,0,FALSE,8,0,0,0,难民首领24
8234,难民游侠24,0,99,FALSE,FALSE,0,0,FALSE,8,0,0,0,难民游侠24
8235,逃亡半兽人2401,0,99,FALSE,FALSE,0,0,FALSE,8,0,0,0,逃亡半兽人2401
8236,受伤的半兽人斥候2402,0,99,FALSE,FALSE,0,0,FALSE,8,0,0,0,受伤的半兽人斥候2402
8237,白日门天师24,0,99,FALSE,FALSE,0,0,FALSE,8,0,0,0,白日门天师24
8238,哨探鹰卫24,0,99,FALSE,FALSE,0,0,FALSE,8,0,0,0,哨探鹰卫24
8239,营地将领24,0,99,FALSE,FALSE,0,0,FALSE,8,0,0,0,营地将领24
8240,药剂师24,0,99,FALSE,FALSE,0,0,FALSE,8,0,0,0,药剂师24
8241,幸存者24,0,99,FALSE,FALSE,0,0,FALSE,8,0,0,0,幸存者24
8242,幸存者勇士24,0,99,FALSE,FALSE,0,0,FALSE,8,0,0,0,幸存者勇士24
8243,荒漠守卫01,0,99,FALSE,FALSE,0,0,FALSE,8,0,0,0,石原荒漠守卫01
8244,荒漠守卫02,0,99,FALSE,FALSE,0,0,FALSE,8,0,0,0,石原荒漠守卫02
8245,受伤的观战者,0,99,FALSE,FALSE,0,0,FALSE,8,0,0,0,沙巴克野外守卫
8250,荒漠鹰卫,0,99,FALSE,FALSE,0,0,FALSE,8,0,0,0,鹰卫
8251,矿洞鹰卫,0,99,FALSE,FALSE,0,0,FALSE,8,0,0,0,鹰卫
8252,无为08,0,99,FALSE,FALSE,0,0,FALSE,8,0,0,0,巨兽大厅传送
8456,召唤僵尸01,0,99,FALSE,FALSE,0,0,FALSE,8,0,0,0,召唤僵尸02
8457,召唤僵尸02,0,99,FALSE,FALSE,0,0,FALSE,8,0,0,0,召唤僵尸02
8458,召唤僵尸03,0,99,FALSE,FALSE,0,0,FALSE,8,0,0,0,召唤僵尸03
8459,乞食者01,0,99,FALSE,FALSE,0,0,FALSE,8,0,0,0,乞食者01
8460,王氏01,0,99,FALSE,FALSE,0,0,FALSE,8,0,0,0,边界村女居民01
8461,公告牌1,0,99,FALSE,FALSE,0,0,FALSE,8,0,0,0,比奇城公告牌
8462,门09,0,99,FALSE,FALSE,0,0,FALSE,8,0,0,0,临时光束
8463,夏二丫,0,99,FALSE,FALSE,0,0,FALSE,8,0,1202,Shop,比奇手镯店老板
8464,朴不二,0,99,FALSE,FALSE,0,0,FALSE,8,0,1201,Shop,比奇戒指店老板
8465,林达,0,99,FALSE,FALSE,0,0,FALSE,8,0,0,Shop,打捆
8467,小火车,0,99,FALSE,FALSE,0,0,FALSE,8,0,0,0,小火车
8468,药不灵,0,99,FALSE,FALSE,0,0,FALSE,8,0,4,Shop,比奇矿区药剂商
8469,金不换,0,99,FALSE,FALSE,0,0,FALSE,8,0,102,Shop,比奇矿区军需官
8470,流浪武士01,0,99,FALSE,FALSE,0,0,FALSE,8,0,0,0,塔防护送NPC
8471,卫兵3,0,99,FALSE,TRUE,10000,30000,TRUE,8,电脑-大刀守卫普通攻击,0,0,矿洞大刀守卫
8472,卫兵4,0,99,FALSE,TRUE,10000,30000,TRUE,8,电脑-弓箭守卫普攻技能,0,0,矿洞弓箭守卫
8473,丘柏,0,99,FALSE,FALSE,0,0,FALSE,8,0,0,0,武器铭文大师03
8474,矿工尸体01,0,99,FALSE,FALSE,0,0,FALSE,8,0,0,0,矿工尸体01
8475,矿工尸体02,0,99,FALSE,FALSE,0,0,FALSE,8,0,0,0,矿工尸体02
8476,矿工尸体03,0,99,FALSE,FALSE,0,0,FALSE,8,0,0,0,矿工尸体03
8477,菱铁矿8477,0,99,FALSE,FALSE,0,0,FALSE,8,0,0,0,菱铁矿8477
8478,变异矿工尸体03,0,99,FALSE,FALSE,0,0,FALSE,8,0,0,0,变异矿工尸体03
8479,尸王殿入口,0,99,FALSE,FALSE,0,0,FALSE,8,0,0,0,尸王殿入口
8481,巫婆01,0,99,FALSE,FALSE,0,0,FALSE,8,0,0,0,神秘面具老女人
8482,湖中仙女,0,99,FALSE,FALSE,0,0,FALSE,8,0,0,0,仙女
8483,盲眼女人,0,99,FALSE,FALSE,0,0,FALSE,8,0,0,0,盲眼女人
8484,樵夫阿大,0,99,FALSE,FALSE,0,0,FALSE,8,0,0,0,樵夫阿大
8485,樵夫阿小,0,99,FALSE,FALSE,0,0,FALSE,8,0,0,0,樵夫阿小
8486,鹰卫侍从,0,99,FALSE,FALSE,0,0,FALSE,8,0,0,0,鹰卫侍从
8487,小林子,0,99,FALSE,FALSE,0,0,FALSE,8,0,0,0,传送沃玛森林
8488,荀守仁,0,99,FALSE,FALSE,0,0,FALSE,8,0,8488,Shop,坐骑商人
8489,追风,0,99,FALSE,FALSE,0,0,FALSE,8,0,0,0,坐骑追风
8511,门10,0,99,FALSE,FALSE,0,0,FALSE,8,0,0,0,临时光束
8512,盟重省公告牌1,0,99,FALSE,FALSE,0,0,FALSE,8,0,0,0,盟重省公告牌
8513,眉三娘,0,99,FALSE,FALSE,0,0,FALSE,8,0,1203,Shop,盟重项链店老板
8514,沙巧巧,0,99,FALSE,FALSE,0,0,FALSE,8,0,1202,Shop,盟重手镯店老板
8515,柳扶风,0,99,FALSE,FALSE,0,0,FALSE,8,0,1201,Shop,盟重戒指店老板
8516,搬运工02,0,99,FALSE,FALSE,0,0,FALSE,8,0,1201,0,搬运工02
8517,搬运工03,0,99,FALSE,FALSE,0,0,FALSE,8,0,1201,0,搬运工03
8518,大婶01,0,99,FALSE,FALSE,0,0,FALSE,8,0,0,0,大婶01
8519,练功师,0,99,FALSE,FALSE,0,0,FALSE,8,0,0,0,练功师
8586,劲弩塔07,0,99,FALSE,FALSE,0,0,FALSE,8,0,0,0,劲弩塔07
8587,天魔塔07,0,99,FALSE,FALSE,0,0,FALSE,8,0,0,0,天魔塔07
8588,天诛塔01,0,99,FALSE,FALSE,0,0,FALSE,8,0,0,0,天诛塔01
8589,玄魔塔07,0,99,FALSE,FALSE,0,0,FALSE,8,0,0,0,玄魔塔07
8590,轻羽塔01,0,99,FALSE,FALSE,0,0,FALSE,8,0,0,0,轻羽塔01
8591,神坛07,0,99,FALSE,FALSE,0,0,FALSE,8,0,0,0,神坛07
8592,议事厅07,0,99,FALSE,FALSE,0,0,FALSE,8,0,0,0,议事厅07
8593,金库07,0,99,FALSE,FALSE,0,0,FALSE,8,0,0,0,金库07
8594,商会07,0,99,FALSE,FALSE,0,0,FALSE,8,0,0,0,商会07
8595,农仓07,0,99,FALSE,FALSE,0,0,FALSE,8,0,0,0,农仓07
8596,农场07,0,99,FALSE,FALSE,0,0,FALSE,8,0,0,0,农场07
8597,居所07,0,99,FALSE,FALSE,0,0,FALSE,8,0,0,0,居所07
8598,木仓07,0,99,FALSE,FALSE,0,0,FALSE,8,0,0,0,木仓07
8599,木场07,0,99,FALSE,FALSE,0,0,FALSE,8,0,0,0,木场07
8600,矿仓07,0,99,FALSE,FALSE,0,0,FALSE,8,0,0,0,矿仓07
8601,墙01,0,99,FALSE,FALSE,0,0,FALSE,8,0,0,0,宫墙01
8602,墙02,0,99,FALSE,FALSE,0,0,FALSE,8,0,0,0,宫墙02
8603,墙03,0,99,FALSE,FALSE,0,0,FALSE,8,0,0,0,宫墙03
8604,墙04,0,99,FALSE,FALSE,0,0,FALSE,8,0,0,0,墙04
8605,墙05,0,99,FALSE,FALSE,0,0,FALSE,8,0,0,0,墙05
8606,墙06,0,99,FALSE,FALSE,0,0,FALSE,8,0,0,0,墙06
8607,沙巴克城门1,0,99,FALSE,FALSE,0,0,FALSE,8,0,0,0,沙巴克城门1
8608,皇宫门1,0,99,FALSE,FALSE,0,0,FALSE,8,0,0,0,皇宫门1
8609,沙巴克城门2,0,99,FALSE,FALSE,0,0,FALSE,8,0,0,0,沙巴克城门2
8610,皇宫门2,0,99,FALSE,FALSE,0,0,FALSE,8,0,0,0,皇宫门2
8611,首届城主雕像,0,99,FALSE,FALSE,0,0,FALSE,8,0,0,0,雕像底座第一届
8612,沙巴克弓箭手,0,99,FALSE,FALSE,0,0,FALSE,8,0,0,0,沙巴克弓箭手
8613,透明计数怪,0,99,FALSE,FALSE,0,0,FALSE,8,0,0,0,透明计数怪
8614,二届城主雕像,0,99,FALSE,FALSE,0,0,FALSE,8,0,0,0,雕像底座第二届
8615,三届城主雕像,0,99,FALSE,FALSE,0,0,FALSE,8,0,0,0,雕像底座第三届
8616,当届城主雕像,0,99,FALSE,FALSE,0,0,FALSE,8,0,0,0,雕像底座第四届
8617,沙巴克公告牌,0,99,FALSE,FALSE,0,0,FALSE,8,0,0,0,城主公告牌
8618,墙07,0,99,FALSE,FALSE,0,0,FALSE,8,0,0,0,宫墙01
8619,墙08,0,99,FALSE,FALSE,0,0,FALSE,8,0,0,0,宫墙02
8620,墙09,0,99,FALSE,FALSE,0,0,FALSE,8,0,0,0,宫墙03
8621,沙巴克城门3,0,99,FALSE,FALSE,0,0,FALSE,8,0,0,0,沙巴克城门1
9001,男战士-巨剑,0,99,FALSE,FALSE,0,0,FALSE,8,0,0,0,男战士
9002,男战士-剑盾,0,99,FALSE,FALSE,0,0,FALSE,8,0,0,0,男战士
9003,男战士-双斧,0,99,FALSE,FALSE,0,0,FALSE,8,0,0,0,男战士
9004,男刺客-匕首,0,99,FALSE,FALSE,0,0,FALSE,8,0,0,0,男刺客
9005,男刺客-链刃,0,99,FALSE,FALSE,0,0,FALSE,8,0,0,0,男刺客
9006,男刺客-长枪,0,99,FALSE,FALSE,0,0,FALSE,8,0,0,0,男刺客
9007,男弓手-弓箭,0,99,FALSE,FALSE,0,0,FALSE,8,0,0,0,男弓手
9008,男弓手-重弩,0,99,FALSE,FALSE,0,0,FALSE,8,0,0,0,男弓手
9009,男弓手-双持弩,0,99,FALSE,FALSE,0,0,FALSE,8,0,0,0,男弓手
9010,女法师-法杖,0,99,FALSE,FALSE,0,0,FALSE,8,0,0,0,女法师
9011,女法师-匕首,0,99,FALSE,FALSE,0,0,FALSE,8,0,0,0,女法师
9012,女法师-锤子,0,99,FALSE,FALSE,0,0,FALSE,8,0,0,0,女法师
9013,骷髅战士复制测试版,0,99,FALSE,FALSE,0,0,FALSE,8,0,0,0,骷髅战士复制测试版
9166,恶魔仆从,0,99,FALSE,FALSE,0,0,FALSE,8,0,0,0,刺客召唤物
9167,自爆狂魔,0,99,FALSE,FALSE,0,0,FALSE,8,0,0,0,刺客召唤物
9168,牺牲魔,0,99,FALSE,FALSE,0,0,FALSE,8,0,0,0,刺客召唤物
9169,强壮魔怪,0,99,FALSE,FALSE,0,0,FALSE,8,0,0,0,刺客召唤物
9170,大地金刚,0,99,FALSE,FALSE,0,0,FALSE,8,0,0,0,大地金刚
9171,金狮子,0,99,FALSE,FALSE,0,0,FALSE,8,0,0,0,金狮子
9172,魔虎,0,99,FALSE,FALSE,0,0,FALSE,8,0,0,0,法师召唤物
9173,吞噬者召唤物,0,99,FALSE,FALSE,0,0,FALSE,8,0,0,0,舔爷召唤物
9174,毒藤,0,99,FALSE,FALSE,0,0,FALSE,8,0,0,0,弓手召唤物
9175,火灵,0,99,FALSE,FALSE,0,0,FALSE,8,0,0,0,法师召唤物
9176,火池,0,99,FALSE,FALSE,0,0,FALSE,8,0,0,0,boss召唤火池
9177,蜥蜴人弓箭手02,0,99,FALSE,FALSE,0,0,FALSE,8,0,0,0,DesertDungeon02蜥蜴人弓箭手(祭司召唤)
9178,蜥蜴人刺客02,0,99,FALSE,FALSE,0,0,FALSE,8,0,0,0,DesertDungeon02蜥蜴人刺客(祭司召唤)
9179,自爆机械,0,99,FALSE,FALSE,0,0,FALSE,8,0,0,0,弓手召唤物
9180,鲨鱼人部落战士,0,99,FALSE,FALSE,0,0,FALSE,8,0,0,0,鲨鱼人首领召唤物
9181,矮人王的小管家,0,99,FALSE,FALSE,0,0,FALSE,8,0,0,0,矮人召唤物
9182,自动岗哨II型,0,99,FALSE,FALSE,0,0,FALSE,8,0,0,0,弓手召唤物
9183,自爆尸魔,0,99,FALSE,FALSE,0,0,FALSE,8,0,0,0,弓手召唤物
9184,恶毒图腾,0,99,FALSE,FALSE,0,0,FALSE,8,0,0,0,刺客召唤物
9185,战狼,0,99,FALSE,FALSE,0,0,FALSE,8,0,0,0,弓手召唤物
9186,圣战龙卫,0,99,FALSE,FALSE,0,0,FALSE,8,0,0,0,战士召唤物
9187,巨熊,0,99,FALSE,FALSE,0,0,FALSE,8,0,0,0,弓手召唤物
9188,死神喽01,0,99,FALSE,FALSE,0,0,FALSE,8,0,0,0,死神幻象召唤物
9189,魔能矩阵,0,99,FALSE,FALSE,0,0,FALSE,8,0,0,0,法师力场
9200,海蠕虫04,0,99,FALSE,FALSE,0,0,FALSE,8,0,0,0,中型史莱姆
9201,海蠕虫05,0,99,FALSE,FALSE,0,0,FALSE,8,0,0,0,小型史莱姆
9202,强壮魔虎,0,99,FALSE,FALSE,0,0,FALSE,8,0,0,0,法师召唤物
9203,命读魔虎,0,99,FALSE,FALSE,0,0,FALSE,8,0,0,0,法师召唤物
9204,嗜血魔虎,0,99,FALSE,FALSE,0,0,FALSE,8,0,0,0,法师召唤物
9205,护主魔虎,0,99,FALSE,FALSE,0,0,FALSE,8,0,0,0,法师召唤物
9206,狂暴魔虎,0,99,FALSE,FALSE,0,0,FALSE,8,0,0,0,法师召唤物
9207,九头龙,0,99,FALSE,FALSE,0,0,FALSE,8,0,0,0,法师召唤物
9208,巨镰骷髅,0,99,FALSE,FALSE,0,0,FALSE,8,0,0,0,死神召唤物
9209,母熊,0,99,FALSE,FALSE,0,0,FALSE,8,0,0,0,幼熊召唤物
9210,海蠕虫06,0,99,FALSE,FALSE,0,0,FALSE,8,0,0,0,黑法师召唤物
9211,空手直立僵尸,0,99,FALSE,FALSE,0,0,FALSE,8,0,0,0,黑法师召唤物
9212,地狱犬06,0,99,FALSE,FALSE,0,0,FALSE,8,0,0,0,黑法师召唤物
9213,冰怪,0,99,FALSE,FALSE,0,0,FALSE,8,0,0,0,冰魔召唤物
9214,叛军打手,0,99,FALSE,FALSE,0,0,FALSE,8,0,0,0,海盗女头目召唤物
9215,叛军射手,0,99,FALSE,FALSE,0,0,FALSE,8,0,0,0,海盗女头目召唤物
9216,黑暗邪徒,0,99,FALSE,FALSE,0,0,FALSE,8,0,0,0,黑法师头目召唤物
9217,本体,0,99,FALSE,FALSE,0,0,FALSE,8,0,0,0,黑法师头目召唤物
9218,潜伏者,0,99,FALSE,FALSE,0,0,FALSE,8,0,0,0,矮人头目召唤物
9219,追击者,0,99,FALSE,FALSE,0,0,FALSE,8,0,0,0,矮人头目召唤物
9220,机械迷阵,0,99,FALSE,FALSE,0,0,FALSE,8,0,0,0,矮人头目召唤物
9221,邪神士官,0,99,FALSE,FALSE,0,0,FALSE,8,0,0,0,邪神士官召唤物（分身）
9222,人鱼法师4,0,99,FALSE,FALSE,0,0,FALSE,8,0,0,0,人鱼法师召唤物（分身）
9223,镰蟹05,0,99,FALSE,FALSE,0,0,FALSE,8,0,0,0,神龙召唤物
9224,盾蟹05,0,99,FALSE,FALSE,0,0,FALSE,8,0,0,0,神龙召唤物
9225,巨型炸弹,0,99,FALSE,FALSE,0,0,FALSE,8,0,0,0,矮人头目召唤物
9226,坏掉的巨型炸弹,0,99,FALSE,FALSE,0,0,FALSE,8,0,0,0,矮人头目召唤物
9227,小盾蟹,0,99,FALSE,FALSE,0,0,FALSE,8,0,0,0,龙虾召唤物
9228,小镰蟹03,0,99,FALSE,FALSE,0,0,FALSE,8,0,0,0,龙虾召唤物
9229,蜃龙兽触角01,0,99,FALSE,FALSE,0,0,FALSE,8,0,0,0,蜃龙兽召唤物
9230,蜃龙兽触角02,0,99,FALSE,FALSE,0,0,FALSE,8,0,0,0,蜃龙兽召唤物
9231,蜃龙兽触角03,0,99,FALSE,FALSE,0,0,FALSE,8,0,0,0,蜃龙兽召唤物
9232,自爆僵尸,0,99,FALSE,FALSE,0,0,FALSE,8,0,0,0,死神召唤物
9233,投矛僵尸05,0,99,FALSE,FALSE,0,0,FALSE,8,0,0,0,骷髅战士召唤物
9234,透明物,0,99,FALSE,FALSE,0,0,FALSE,8,0,0,0,透明物
9235,小幽灵,0,99,FALSE,FALSE,0,0,FALSE,8,0,0,0,幽灵鬼召唤物
9236,自爆蝙蝠,0,99,FALSE,FALSE,0,0,FALSE,8,0,0,0,蝙蝠巢穴召唤物
9237,自爆蜜蜂,0,99,FALSE,FALSE,0,0,FALSE,8,0,0,0,操虫师女弓手召唤物
9238,蚀骨甲虫,0,99,FALSE,FALSE,0,0,FALSE,8,0,0,0,操虫师女弓手召唤物
9239,恶毒之虫,0,99,FALSE,FALSE,0,0,FALSE,8,0,0,0,操虫师首领召唤物
9240,透明怪,0,99,FALSE,FALSE,0,0,FALSE,8,0,0,0,透明怪
9241,劣魔2,0,99,FALSE,FALSE,0,0,FALSE,8,0,0,0,劣魔(doodad)
9242,恶毒之虫2,0,99,FALSE,FALSE,0,0,FALSE,8,0,0,0,操虫师首领召唤物(doodad)
9243,恶魔之门01,0,99,FALSE,FALSE,0,0,FALSE,8,0,0,0,恶魔之门01
9244,海灵战将01,0,99,FALSE,FALSE,0,0,FALSE,8,0,0,0,人鱼战士分身
9245,幽灵召唤兽,0,99,FALSE,FALSE,0,0,FALSE,8,0,0,0,幽灵召唤物
9246,圣甲虫召唤物,0,99,FALSE,FALSE,0,0,FALSE,8,0,0,0,圣甲虫
9247,黄蜂巢穴8,0,99,FALSE,FALSE,0,0,FALSE,8,0,0,0,女操虫师召唤物
9248,大树人01,0,99,FALSE,FALSE,0,0,FALSE,8,0,0,0,大树人01
9249,中树人01,0,99,FALSE,FALSE,0,0,FALSE,8,0,0,0,中树人01
9250,小树人01,0,99,FALSE,FALSE,0,0,FALSE,8,0,0,0,小树人01
9251,透明怪02,0,99,FALSE,FALSE,0,0,FALSE,8,0,0,0,透明怪02
9252,双刀鱼人09,0,99,FALSE,FALSE,0,0,FALSE,8,0,0,0,双刀鱼人09
9253,赤手鲨鱼人亚种09,0,99,FALSE,FALSE,0,0,FALSE,8,0,0,0,赤手鲨鱼人亚种09
9254,人鱼法师10,0,99,FALSE,FALSE,0,0,FALSE,8,0,0,0,鱼人法师首领召唤物1
9255,人鱼法师11,0,99,FALSE,FALSE,0,0,FALSE,8,0,0,0,鱼人法师首领召唤物2
9256,人鱼法师12,0,99,FALSE,FALSE,0,0,FALSE,8,0,0,0,鱼人法师首领召唤物3
9257,白色光球,0,99,FALSE,FALSE,0,0,FALSE,8,0,0,0,佣兵男射手头目召唤物
9258,神秘地狱犬,0,99,FALSE,FALSE,0,0,FALSE,8,0,0,0,宝藏岛特殊召唤物
9259,狼09,0,99,FALSE,FALSE,0,0,FALSE,8,0,0,0,啸月召唤狼
9260,魔凯,0,99,FALSE,FALSE,0,0,FALSE,8,0,0,0,法师魔铠武装召唤物
9261,恐惧魔王召唤物01,0,99,FALSE,FALSE,0,0,FALSE,8,0,0,0,恐惧魔王召唤物01
9262,生命之泉,0,99,FALSE,FALSE,0,0,FALSE,8,0,0,0,法师召唤物[生命之泉]
9263,诅咒之棺01,0,99,FALSE,FALSE,0,0,FALSE,8,0,0,0,诅咒之棺01
9264,尸王喽喽01,0,99,FALSE,FALSE,0,0,FALSE,8,0,0,0,僵尸1爬行
9265,矿洞自爆僵尸,0,99,FALSE,FALSE,0,0,FALSE,8,0,0,0,矿洞自爆僵尸
9266,重生僵尸21,0,99,FALSE,FALSE,0,0,FALSE,8,0,0,0,直立矿洞僵尸2全局
9267,重生道士僵尸51,0,99,FALSE,FALSE,0,0,FALSE,8,0,0,0,矿洞道士僵尸5全局
9268,召唤稻草人01,0,99,FALSE,FALSE,0,0,FALSE,8,0,0,0,召唤稻草人01
9269,召唤钉耙猫01,0,99,FALSE,FALSE,0,0,FALSE,8,0,0,0,召唤钉耙猫01
9270,黑色恶蛆01,0,99,FALSE,FALSE,0,0,FALSE,8,0,0,0,黑色恶蛆01
9271,黑野猪01,0,99,FALSE,FALSE,0,0,FALSE,8,0,0,0,黑野猪01
9272,红野猪01,0,99,FALSE,FALSE,0,0,FALSE,8,0,0,0,红野猪01
9273,暗黑战士-透明怪,0,99,FALSE,FALSE,0,0,FALSE,8,0,0,0,暗黑战士-透明怪
9274,涌泉01,0,99,FALSE,FALSE,0,0,FALSE,8,0,0,0,涌泉01
9275,灵泉01,0,99,FALSE,FALSE,0,0,FALSE,8,0,0,0,灵泉01
9276,失序印01,0,99,FALSE,FALSE,0,0,FALSE,8,0,0,0,失序印01
9277,魔蝠02,0,99,FALSE,FALSE,0,0,FALSE,8,0,0,0,弓手召唤物
9278,灵龟01,0,99,FALSE,FALSE,0,0,FALSE,8,0,0,0,弓手召唤物
9279,雪狐02,0,99,FALSE,FALSE,0,0,FALSE,8,0,0,0,弓手召唤物
9280,黄泉战士02,0,99,FALSE,FALSE,0,0,FALSE,8,0,0,0,剑盾僵尸02
9281,稻草人03,0,99,FALSE,FALSE,0,0,FALSE,8,0,0,0,稻草人03
9282,钉耙猫03,0,99,FALSE,FALSE,0,0,FALSE,8,0,0,0,钉耙猫03
9283,半兽人06,0,99,FALSE,FALSE,0,0,FALSE,8,0,0,0,半兽人06
9284,半兽人战士08,0,99,FALSE,FALSE,0,0,FALSE,8,0,0,0,半兽人战士08
9285,钳虫透明怪,0,99,FALSE,FALSE,0,0,FALSE,8,0,0,0,钳虫透明怪
9286,小蜈蚣01,0,99,FALSE,FALSE,0,0,FALSE,8,0,0,0,小蜈蚣01
9287,虹魔猪卫02,0,99,FALSE,FALSE,0,0,FALSE,8,0,0,0,虹魔猪卫
9288,黄泉红骷01,0,99,FALSE,FALSE,0,0,FALSE,8,0,0,0,黄泉红骷01
9289,黄泉绿骷01,0,99,FALSE,FALSE,0,0,FALSE,8,0,0,0,黄泉绿骷01
9290,骷髅01,0,99,FALSE,FALSE,0,0,FALSE,8,0,0,0,道士骷髅(主技能)
9291,神兽01,0,99,FALSE,FALSE,0,0,FALSE,8,0,0,0,道士神兽(主技能)
9292,骷髅将军,0,99,FALSE,FALSE,0,0,FALSE,8,0,0,0,道士骷髅(骷髅将军)
9293,骷髅护卫,0,99,FALSE,FALSE,0,0,FALSE,8,0,0,0,道士骷髅(骷髅刺客)
9294,死灵战将,0,99,FALSE,FALSE,0,0,FALSE,8,0,0,0,道士骷髅(骷髅君王)
9295,骷髅05,0,99,FALSE,FALSE,0,0,FALSE,8,0,0,0,道士骷髅(无用)
9296,骷髅06,0,99,FALSE,FALSE,0,0,FALSE,8,0,0,0,道士骷髅(无用)
9297,骷髅07,0,99,FALSE,FALSE,0,0,FALSE,8,0,0,0,道士骷髅(无用)
9298,圣兽,0,99,FALSE,FALSE,0,0,FALSE,8,0,0,0,道士神兽(铭文1)
9299,灵兽,0,99,FALSE,FALSE,0,0,FALSE,8,0,0,0,道士神兽(灵兽印)
9300,血兽,0,99,FALSE,FALSE,0,0,FALSE,8,0,0,0,道士神兽(血兽)
9301,神兽05,0,99,FALSE,FALSE,0,0,FALSE,8,0,0,0,道士神兽(无用)
9302,神兽06,0,99,FALSE,FALSE,0,0,FALSE,8,0,0,0,道士神兽(无用)
9303,神兽07,0,99,FALSE,FALSE,0,0,FALSE,8,0,0,0,道士神兽(无用)
9304,蜘蛛02,0,99,FALSE,FALSE,0,0,FALSE,8,0,0,0,怪物召唤物
9305,半兽人11,0,99,FALSE,FALSE,0,0,FALSE,8,0,0,0,半兽人11
9306,半兽人战士11,0,99,FALSE,FALSE,0,0,FALSE,8,0,0,0,半兽人战士11
9307,僵尸10,0,99,FALSE,FALSE,0,0,FALSE,8,0,0,0,僵尸1爬行全局
9308,僵尸11,0,99,FALSE,FALSE,0,0,FALSE,8,0,0,0,僵尸1爬行全局
9309,僵尸12,0,99,FALSE,FALSE,0,0,FALSE,8,0,0,0,直立矿洞僵尸2全局
9310,僵尸13,0,99,FALSE,FALSE,0,0,FALSE,8,0,0,0,直立矿洞僵尸2全局
9311,僵尸14,0,99,FALSE,FALSE,0,0,FALSE,8,0,0,0,直立矿洞僵尸3全局
9312,僵尸15,0,99,FALSE,FALSE,0,0,FALSE,8,0,0,0,直立矿洞僵尸3全局
9313,矿区透明招僵尸901,0,99,FALSE,FALSE,0,0,FALSE,8,0,0,0,矿区透明招僵尸901
9314,矿区透明招僵尸902,0,99,FALSE,FALSE,0,0,FALSE,8,0,0,0,矿区透明招僵尸902
9315,矿区透明招僵尸903,0,99,FALSE,FALSE,0,0,FALSE,8,0,0,0,矿区透明招僵尸903
9316,矿区透明招僵尸9307,0,99,FALSE,FALSE,0,0,FALSE,8,0,0,0,矿区透明招僵尸9307
9317,矿区透明招僵尸9309,0,99,FALSE,FALSE,0,0,FALSE,8,0,0,0,矿区透明招僵尸9309
9318,矿区透明招僵尸9311,0,99,FALSE,FALSE,0,0,FALSE,8,0,0,0,矿区透明招僵尸9311
9319,祖玛卫士10,0,99,FALSE,FALSE,0,0,FALSE,8,0,0,0,祖玛卫士10
9320,祖玛弓箭手11,0,99,FALSE,FALSE,0,0,FALSE,8,0,0,0,祖玛弓箭手11
9321,小旋风11,0,99,FALSE,FALSE,0,0,FALSE,8,0,0,0,小旋风11
9322,鱼人死士01,0,99,FALSE,FALSE,0,0,FALSE,8,0,0,0,殉爆鲨01
9323,骷髅占用01,0,99,FALSE,FALSE,0,0,FALSE,8,0,0,0,骷髅占用01
9324,神兽占用01,0,99,FALSE,FALSE,0,0,FALSE,8,0,0,0,神兽占用01
9325,透明召唤门,0,99,FALSE,FALSE,0,0,FALSE,8,0,0,0,透明召唤门
9326,魔龙殿传送门,0,99,FALSE,FALSE,0,0,FALSE,8,0,0,0,魔龙殿
9327,月灵01,0,99,FALSE,FALSE,0,0,FALSE,8,0,0,0,道士月灵(主技能)
9328,月灵02,0,99,FALSE,FALSE,0,0,FALSE,8,0,0,0,道士月灵(月神印)
9329,月灵03,0,99,FALSE,FALSE,0,0,FALSE,8,0,0,0,道士月灵(月魔印)
9330,月灵04,0,99,FALSE,FALSE,0,0,FALSE,8,0,0,0,道士月灵(主技能)
9601,黑雀,0,99,FALSE,FALSE,0,0,FALSE,8,0,0,0,小鸟
9602,黑隼,0,99,FALSE,FALSE,0,0,FALSE,8,0,0,0,小鸟02
9603,公鸡,0,99,FALSE,FALSE,0,0,FALSE,8,0,0,0,公鸡
9604,母鸡,0,99,FALSE,FALSE,0,0,FALSE,8,0,0,0,母鸡
9605,绵羊02,0,99,FALSE,FALSE,0,0,FALSE,8,0,0,0,绵羊
9606,羊羔,0,99,FALSE,FALSE,0,0,FALSE,8,0,0,0,羊羔
9607,鹰,0,99,FALSE,FALSE,0,0,FALSE,8,0,0,0,雄鹰
9608,蛇02,0,99,FALSE,FALSE,0,0,FALSE,8,0,0,0,蛇
9609,松鼠,0,99,FALSE,FALSE,0,0,FALSE,8,0,0,0,小松鼠
9610,雪狐,0,99,FALSE,FALSE,0,0,FALSE,8,0,0,0,雪山飞狐
9611,睡着会翻身的绵羊,0,99,FALSE,FALSE,0,0,FALSE,8,0,0,0,绵羊
9612,花蝴蝶,0,99,FALSE,FALSE,0,0,FALSE,8,0,0,0,逃跑蝴蝶01
9613,黑蝴蝶,0,99,FALSE,FALSE,0,0,FALSE,8,0,0,0,原地飞舞蝴蝶02
9614,小花猫,0,99,FALSE,FALSE,0,0,FALSE,8,0,0,0,小花猫逃跑
9615,小猪,0,99,FALSE,FALSE,0,0,FALSE,8,0,0,0,小猪
9616,小鱼,0,99,FALSE,FALSE,0,0,FALSE,8,0,0,0,小鱼
9617,小螃蟹,0,99,FALSE,FALSE,0,0,FALSE,8,0,0,0,小螃蟹
9618,小花猫02,0,99,FALSE,FALSE,0,0,FALSE,8,0,0,0,小花猫傲娇
9619,老鼠,0,99,FALSE,FALSE,0,0,FALSE,8,0,0,0,老鼠
9620,斗鸡,0,99,FALSE,FALSE,0,0,FALSE,8,0,0,0,斗鸡
9621,恩仔,0,99,FALSE,FALSE,0,0,FALSE,8,0,0,0,恩仔
9622,福虎,0,99,FALSE,FALSE,0,0,FALSE,8,0,0,0,福虎
9623,战盟管理员,0,99,FALSE,FALSE,0,0,FALSE,8,0,0,0,战盟管理员
9624,无相,0,99,FALSE,FALSE,0,0,FALSE,8,0,0,0,无相
9625,巅峰沙巴克墙01,0,99,FALSE,FALSE,0,0,FALSE,8,0,0,0,巅峰沙巴克墙01
9626,巅峰沙巴克墙02,0,99,FALSE,FALSE,0,0,FALSE,8,0,0,0,巅峰沙巴克墙02
9627,巅峰沙巴克墙03,0,99,FALSE,FALSE,0,0,FALSE,8,0,0,0,巅峰沙巴克墙03
9628,巅峰沙巴克墙04,0,99,FALSE,FALSE,0,0,FALSE,8,0,0,0,巅峰沙巴克墙04
9629,巅峰沙巴克墙05,0,99,FALSE,FALSE,0,0,FALSE,8,0,0,0,巅峰沙巴克墙05
9630,巅峰沙巴克墙06,0,99,FALSE,FALSE,0,0,FALSE,8,0,0,0,巅峰沙巴克墙06
9631,骆驼,0,99,FALSE,FALSE,0,0,FALSE,8,0,0,0,骆驼
9632,马,0,99,FALSE,FALSE,0,0,FALSE,8,0,0,0,马
9633,巅峰沙巴克城门西01,0,99,FALSE,FALSE,0,0,FALSE,8,0,0,0,巅峰沙巴克城门西01
9634,巅峰沙巴克城门西02,0,99,FALSE,FALSE,0,0,FALSE,8,0,0,0,巅峰沙巴克城门西02
9635,巅峰沙巴克城门南01,0,99,FALSE,FALSE,0,0,FALSE,8,0,0,0,巅峰沙巴克城门南01
9636,巅峰沙巴克城门南02,0,99,FALSE,FALSE,0,0,FALSE,8,0,0,0,巅峰沙巴克城门南02
9637,巅峰沙巴克城门北01,0,99,FALSE,FALSE,0,0,FALSE,8,0,0,0,巅峰沙巴克城门北01
9638,巅峰沙巴克城门北02,0,99,FALSE,FALSE,0,0,FALSE,8,0,0,0,巅峰沙巴克城门北02
9639,巅峰沙巴克城门东01,0,99,FALSE,FALSE,0,0,FALSE,8,0,0,0,巅峰沙巴克城门东01
9640,巅峰沙巴克城门东02,0,99,FALSE,FALSE,0,0,FALSE,8,0,0,0,巅峰沙巴克城门东02
9641,天工开物,0,99,FALSE,FALSE,0,0,FALSE,8,0,0,0,天工开物
9642,节日大使9642,0,99,FALSE,FALSE,0,0,FALSE,8,0,0,0,节日大使9642
9643,喻齐,0,99,FALSE,FALSE,0,0,FALSE,8,0,0,0,跨服沙巴克本服传送
9644,传送使者01,0,99,FALSE,FALSE,0,0,FALSE,8,0,0,0,跨服沙巴克驿区传送
9645,传送使者,0,99,FALSE,FALSE,0,0,FALSE,8,0,0,0,跨服沙巴克战场传送
9646,登峰,0,99,FALSE,FALSE,0,0,FALSE,8,0,0,0,登峰
9647,传送使者02,0,99,FALSE,FALSE,0,0,FALSE,8,0,0,0,跨服沙巴克战场传送2
9648,战盟激励官01,0,99,FALSE,FALSE,0,0,FALSE,8,0,0,0,跨服沙巴克强化东
9649,战盟激励官02,0,99,FALSE,FALSE,0,0,FALSE,8,0,0,0,跨服沙巴克强化西
9650,战盟激励官03,0,99,FALSE,FALSE,0,0,FALSE,8,0,0,0,跨服沙巴克强化南
9651,战盟激励官04,0,99,FALSE,FALSE,0,0,FALSE,8,0,0,0,跨服沙巴克强化北
9652,巅峰沙巴克公告,0,99,FALSE,FALSE,0,0,FALSE,8,0,0,0,巅峰沙巴克公告
9653,战灵基座,0,99,FALSE,FALSE,0,0,FALSE,8,0,0,0,战灵基座
9654,时空大门,0,99,FALSE,FALSE,0,0,FALSE,8,0,0,0,时空大门
9655,巅峰城主雕像,0,99,FALSE,FALSE,0,0,FALSE,8,0,0,0,雕像底座第五届
9656,战灵大师,0,99,FALSE,FALSE,0,0,FALSE,8,0,0,0,战灵大师
9657,大师侍从,0,99,FALSE,FALSE,0,0,FALSE,8,0,0,0,大师侍从
9658,神秘学者9658,0,99,FALSE,FALSE,0,0,FALSE,8,0,0,0,神秘学者9658
9659,命运长老,0,99,FALSE,FALSE,0,0,FALSE,8,0,0,0,命运长老
9801,主殿01,0,99,FALSE,FALSE,0,0,FALSE,8,0,0,0,主殿01
9802,主殿02,0,99,FALSE,FALSE,0,0,FALSE,8,0,0,0,主殿02
9803,主殿03,0,99,FALSE,FALSE,0,0,FALSE,8,0,0,0,主殿03
9804,主殿04,0,99,FALSE,FALSE,0,0,FALSE,8,0,0,0,主殿04
9805,主殿05,0,99,FALSE,FALSE,0,0,FALSE,8,0,0,0,主殿05
9806,主殿06,0,99,FALSE,FALSE,0,0,FALSE,8,0,0,0,主殿06
9807,商会01,0,99,FALSE,FALSE,0,0,FALSE,8,0,0,0,商会01
9808,商会02,0,99,FALSE,FALSE,0,0,FALSE,8,0,0,0,商会02
9809,商会03,0,99,FALSE,FALSE,0,0,FALSE,8,0,0,0,商会03
9810,商会04,0,99,FALSE,FALSE,0,0,FALSE,8,0,0,0,商会04
9811,商会05,0,99,FALSE,FALSE,0,0,FALSE,8,0,0,0,商会05
9812,商会06,0,99,FALSE,FALSE,0,0,FALSE,8,0,0,0,商会06
9813,神坛01,0,99,FALSE,FALSE,0,0,FALSE,8,0,0,0,神坛01
9814,神坛02,0,99,FALSE,FALSE,0,0,FALSE,8,0,0,0,神坛02
9815,神坛03,0,99,FALSE,FALSE,0,0,FALSE,8,0,0,0,神坛03
9816,神坛04,0,99,FALSE,FALSE,0,0,FALSE,8,0,0,0,神坛04
9817,神坛05,0,99,FALSE,FALSE,0,0,FALSE,8,0,0,0,神坛05
9818,神坛06,0,99,FALSE,FALSE,0,0,FALSE,8,0,0,0,神坛06
9819,居所01,0,99,FALSE,FALSE,0,0,FALSE,8,0,0,0,居所01
9820,居所02,0,99,FALSE,FALSE,0,0,FALSE,8,0,0,0,居所02
9821,居所03,0,99,FALSE,FALSE,0,0,FALSE,8,0,0,0,居所03
9822,居所04,0,99,FALSE,FALSE,0,0,FALSE,8,0,0,0,居所04
9823,居所05,0,99,FALSE,FALSE,0,0,FALSE,8,0,0,0,居所05
9824,居所06,0,99,FALSE,FALSE,0,0,FALSE,8,0,0,0,居所06
9825,金库01,0,99,FALSE,FALSE,0,0,FALSE,8,0,0,0,金库01
9826,金库02,0,99,FALSE,FALSE,0,0,FALSE,8,0,0,0,金库02
9827,金库03,0,99,FALSE,FALSE,0,0,FALSE,8,0,0,0,金库03
9828,金库04,0,99,FALSE,FALSE,0,0,FALSE,8,0,0,0,金库04
9829,金库05,0,99,FALSE,FALSE,0,0,FALSE,8,0,0,0,金库05
9830,金库06,0,99,FALSE,FALSE,0,0,FALSE,8,0,0,0,金库06
9831,战事厅01,0,99,FALSE,FALSE,0,0,FALSE,8,0,0,0,战事厅01
9832,战事厅02,0,99,FALSE,FALSE,0,0,FALSE,8,0,0,0,战事厅02
9833,战事厅03,0,99,FALSE,FALSE,0,0,FALSE,8,0,0,0,战事厅03
9834,战事厅04,0,99,FALSE,FALSE,0,0,FALSE,8,0,0,0,战事厅04
9835,战事厅05,0,99,FALSE,FALSE,0,0,FALSE,8,0,0,0,战事厅05
9836,战事厅06,0,99,FALSE,FALSE,0,0,FALSE,8,0,0,0,战事厅06
9837,公会神鼎01,0,99,FALSE,FALSE,0,0,FALSE,8,0,0,0,公会神鼎01
9838,公会神鼎02,0,99,FALSE,FALSE,0,0,FALSE,8,0,0,0,公会神鼎02
9839,公会神鼎03,0,99,FALSE,FALSE,0,0,FALSE,8,0,0,0,公会神鼎03
9840,公会神鼎04,0,99,FALSE,FALSE,0,0,FALSE,8,0,0,0,公会神鼎04
9841,公会神鼎05,0,99,FALSE,FALSE,0,0,FALSE,8,0,0,0,公会神鼎05
9842,公会神鼎06,0,99,FALSE,FALSE,0,0,FALSE,8,0,0,0,公会神鼎06
9843,农场01,0,99,FALSE,FALSE,0,0,FALSE,8,0,0,0,农场01
9844,农场02,0,99,FALSE,FALSE,0,0,FALSE,8,0,0,0,农场02
9845,农场03,0,99,FALSE,FALSE,0,0,FALSE,8,0,0,0,农场03
9846,农场04,0,99,FALSE,FALSE,0,0,FALSE,8,0,0,0,农场04
9847,农场05,0,99,FALSE,FALSE,0,0,FALSE,8,0,0,0,农场05
9848,农场06,0,99,FALSE,FALSE,0,0,FALSE,8,0,0,0,农场06
9849,林场01,0,99,FALSE,FALSE,0,0,FALSE,8,0,0,0,林场01
9850,林场02,0,99,FALSE,FALSE,0,0,FALSE,8,0,0,0,林场02
9851,林场03,0,99,FALSE,FALSE,0,0,FALSE,8,0,0,0,林场03
9852,林场04,0,99,FALSE,FALSE,0,0,FALSE,8,0,0,0,林场04
9853,林场05,0,99,FALSE,FALSE,0,0,FALSE,8,0,0,0,林场05
9854,林场06,0,99,FALSE,FALSE,0,0,FALSE,8,0,0,0,林场06
9855,石场01,0,99,FALSE,FALSE,0,0,FALSE,8,0,0,0,石场01
9856,石场02,0,99,FALSE,FALSE,0,0,FALSE,8,0,0,0,石场02
9857,石场03,0,99,FALSE,FALSE,0,0,FALSE,8,0,0,0,石场03
9858,石场04,0,99,FALSE,FALSE,0,0,FALSE,8,0,0,0,石场04
9859,石场05,0,99,FALSE,FALSE,0,0,FALSE,8,0,0,0,石场05
9860,石场06,0,99,FALSE,FALSE,0,0,FALSE,8,0,0,0,石场06
9861,矿场01,0,99,FALSE,FALSE,0,0,FALSE,8,0,0,0,矿场01
9862,矿场02,0,99,FALSE,FALSE,0,0,FALSE,8,0,0,0,矿场02
9863,矿场03,0,99,FALSE,FALSE,0,0,FALSE,8,0,0,0,矿场03
9864,矿场04,0,99,FALSE,FALSE,0,0,FALSE,8,0,0,0,矿场04
9865,矿场05,0,99,FALSE,FALSE,0,0,FALSE,8,0,0,0,矿场05
9866,矿场06,0,99,FALSE,FALSE,0,0,FALSE,8,0,0,0,矿场06
9867,粮仓01,0,99,FALSE,FALSE,0,0,FALSE,8,0,0,0,粮仓01
9868,粮仓02,0,99,FALSE,FALSE,0,0,FALSE,8,0,0,0,粮仓02
9869,粮仓03,0,99,FALSE,FALSE,0,0,FALSE,8,0,0,0,粮仓03
9870,粮仓04,0,99,FALSE,FALSE,0,0,FALSE,8,0,0,0,粮仓04
9871,粮仓05,0,99,FALSE,FALSE,0,0,FALSE,8,0,0,0,粮仓05
9872,粮仓06,0,99,FALSE,FALSE,0,0,FALSE,8,0,0,0,粮仓06
9873,木仓01,0,99,FALSE,FALSE,0,0,FALSE,8,0,0,0,木仓01
9874,木仓02,0,99,FALSE,FALSE,0,0,FALSE,8,0,0,0,木仓02
9875,木仓03,0,99,FALSE,FALSE,0,0,FALSE,8,0,0,0,木仓03
9876,木仓04,0,99,FALSE,FALSE,0,0,FALSE,8,0,0,0,木仓04
9877,木仓05,0,99,FALSE,FALSE,0,0,FALSE,8,0,0,0,木仓05
9878,木仓06,0,99,FALSE,FALSE,0,0,FALSE,8,0,0,0,木仓06
9879,石仓01,0,99,FALSE,FALSE,0,0,FALSE,8,0,0,0,石仓01
9880,石仓02,0,99,FALSE,FALSE,0,0,FALSE,8,0,0,0,石仓02
9881,石仓03,0,99,FALSE,FALSE,0,0,FALSE,8,0,0,0,石仓03
9882,石仓04,0,99,FALSE,FALSE,0,0,FALSE,8,0,0,0,石仓04
9883,石仓05,0,99,FALSE,FALSE,0,0,FALSE,8,0,0,0,石仓05
9884,石仓06,0,99,FALSE,FALSE,0,0,FALSE,8,0,0,0,石仓06
9885,矿仓01,0,99,FALSE,FALSE,0,0,FALSE,8,0,0,0,矿仓01
9886,矿仓02,0,99,FALSE,FALSE,0,0,FALSE,8,0,0,0,矿仓02
9887,矿仓03,0,99,FALSE,FALSE,0,0,FALSE,8,0,0,0,矿仓03
9888,矿仓04,0,99,FALSE,FALSE,0,0,FALSE,8,0,0,0,矿仓04
9889,矿仓05,0,99,FALSE,FALSE,0,0,FALSE,8,0,0,0,矿仓05
9890,矿仓06,0,99,FALSE,FALSE,0,0,FALSE,8,0,0,0,矿仓06
9891,兵工厂01,0,99,FALSE,FALSE,0,0,FALSE,8,0,0,0,兵工厂01
9892,兵工厂02,0,99,FALSE,FALSE,0,0,FALSE,8,0,0,0,兵工厂02
9893,兵工厂03,0,99,FALSE,FALSE,0,0,FALSE,8,0,0,0,兵工厂03
9894,兵工厂04,0,99,FALSE,FALSE,0,0,FALSE,8,0,0,0,兵工厂04
9895,兵工厂05,0,99,FALSE,FALSE,0,0,FALSE,8,0,0,0,兵工厂05
9896,兵工厂06,0,99,FALSE,FALSE,0,0,FALSE,8,0,0,0,兵工厂06
9897,城门01,0,99,FALSE,FALSE,0,0,FALSE,8,0,0,0,城门01
9898,城门02,0,99,FALSE,FALSE,0,0,FALSE,8,0,0,0,城门02
9899,城门03,0,99,FALSE,FALSE,0,0,FALSE,8,0,0,0,城门03
9900,城门04,0,99,FALSE,FALSE,0,0,FALSE,8,0,0,0,城门04
9901,城门05,0,99,FALSE,FALSE,0,0,FALSE,8,0,0,0,城门05
9902,城门06,0,99,FALSE,FALSE,0,0,FALSE,8,0,0,0,城门06
9903,城墙01,0,99,FALSE,FALSE,0,0,FALSE,8,0,0,0,城墙01
9904,城墙02,0,99,FALSE,FALSE,0,0,FALSE,8,0,0,0,城墙02
9905,城墙03,0,99,FALSE,FALSE,0,0,FALSE,8,0,0,0,城墙03
9906,城墙04,0,99,FALSE,FALSE,0,0,FALSE,8,0,0,0,城墙04
9907,城墙05,0,99,FALSE,FALSE,0,0,FALSE,8,0,0,0,城墙05
9908,城墙06,0,99,FALSE,FALSE,0,0,FALSE,8,0,0,0,城墙06
9909,路障01,0,99,FALSE,FALSE,0,0,FALSE,8,0,0,0,路障01
9910,路障02,0,99,FALSE,FALSE,0,0,FALSE,8,0,0,0,路障02
9911,路障03,0,99,FALSE,FALSE,0,0,FALSE,8,0,0,0,路障03
9912,路障04,0,99,FALSE,FALSE,0,0,FALSE,8,0,0,0,路障04
9913,路障05,0,99,FALSE,FALSE,0,0,FALSE,8,0,0,0,路障05
9914,路障06,0,99,FALSE,FALSE,0,0,FALSE,8,0,0,0,路障06
9915,劲弩塔01,0,99,FALSE,FALSE,0,0,FALSE,8,0,0,0,劲弩塔01
9916,劲弩塔02,0,99,FALSE,FALSE,0,0,FALSE,8,0,0,0,劲弩塔02
9917,劲弩塔03,0,99,FALSE,FALSE,0,0,FALSE,8,0,0,0,劲弩塔03
9918,劲弩塔04,0,99,FALSE,FALSE,0,0,FALSE,8,0,0,0,劲弩塔04
9919,劲弩塔05,0,99,FALSE,FALSE,0,0,FALSE,8,0,0,0,劲弩塔05
9920,劲弩塔06,0,99,FALSE,FALSE,0,0,FALSE,8,0,0,0,劲弩塔06
9921,天魔塔01,0,99,FALSE,FALSE,0,0,FALSE,8,0,0,0,天魔塔01
9922,天魔塔02,0,99,FALSE,FALSE,0,0,FALSE,8,0,0,0,天魔塔02
9923,天魔塔03,0,99,FALSE,FALSE,0,0,FALSE,8,0,0,0,天魔塔03
9924,天魔塔04,0,99,FALSE,FALSE,0,0,FALSE,8,0,0,0,天魔塔04
9925,天魔塔05,0,99,FALSE,FALSE,0,0,FALSE,8,0,0,0,天魔塔05
9926,天魔塔06,0,99,FALSE,FALSE,0,0,FALSE,8,0,0,0,天魔塔06
9927,天诛塔02,0,99,FALSE,FALSE,0,0,FALSE,8,0,0,0,天诛塔02
9928,天诛塔03,0,99,FALSE,FALSE,0,0,FALSE,8,0,0,0,天诛塔03
9929,天诛塔04,0,99,FALSE,FALSE,0,0,FALSE,8,0,0,0,天诛塔04
9930,天诛塔05,0,99,FALSE,FALSE,0,0,FALSE,8,0,0,0,天诛塔05
9931,天诛塔06,0,99,FALSE,FALSE,0,0,FALSE,8,0,0,0,天诛塔06
9932,天诛塔07,0,99,FALSE,FALSE,0,0,FALSE,8,0,0,0,天诛塔07
9933,玄魔塔01,0,99,FALSE,FALSE,0,0,FALSE,8,0,0,0,玄魔塔01
9934,玄魔塔02,0,99,FALSE,FALSE,0,0,FALSE,8,0,0,0,玄魔塔02
9935,玄魔塔03,0,99,FALSE,FALSE,0,0,FALSE,8,0,0,0,玄魔塔03
9936,玄魔塔04,0,99,FALSE,FALSE,0,0,FALSE,8,0,0,0,玄魔塔04
9937,玄魔塔05,0,99,FALSE,FALSE,0,0,FALSE,8,0,0,0,玄魔塔05
9938,玄魔塔06,0,99,FALSE,FALSE,0,0,FALSE,8,0,0,0,玄魔塔06
9939,轻羽塔02,0,99,FALSE,FALSE,0,0,FALSE,8,0,0,0,轻羽塔02
9940,轻羽塔03,0,99,FALSE,FALSE,0,0,FALSE,8,0,0,0,轻羽塔03
9941,轻羽塔04,0,99,FALSE,FALSE,0,0,FALSE,8,0,0,0,轻羽塔04
9942,轻羽塔05,0,99,FALSE,FALSE,0,0,FALSE,8,0,0,0,轻羽塔05
9943,轻羽塔06,0,99,FALSE,FALSE,0,0,FALSE,8,0,0,0,轻羽塔06
9944,轻羽塔07,0,99,FALSE,FALSE,0,0,FALSE,8,0,0,0,轻羽塔07
9945,基座14,0,99,FALSE,FALSE,0,0,FALSE,8,0,0,0,基座14
9946,基座01,0,99,FALSE,FALSE,0,0,FALSE,8,0,0,0,基座9格
9947,基座02,0,99,FALSE,FALSE,0,0,FALSE,8,0,0,0,基座3格
9948,基座城门,0,99,FALSE,FALSE,0,0,FALSE,8,0,0,0,基座城门
9949,基座城墙,0,99,FALSE,FALSE,0,0,FALSE,8,0,0,0,基座城墙
9950,基座路障,0,99,FALSE,FALSE,0,0,FALSE,8,0,0,0,基座路障
